{"stats":{"minecraft:custom":{"minecraft:interact_with_smithing_table":1,"minecraft:mob_kills":125,"minecraft:interact_with_crafting_table":50,"minecraft:open_barrel":7,"minecraft:bell_ring":1,"minecraft:leave_game":4,"minecraft:time_since_death":125807,"minecraft:climb_one_cm":35499,"minecraft:sprint_one_cm":801438,"minecraft:walk_one_cm":457962,"minecraft:damage_blocked_by_shield":310,"minecraft:drop":23,"minecraft:talked_to_villager":19,"minecraft:play_time":254269,"minecraft:sneak_time":5764,"minecraft:deaths":7,"minecraft:walk_under_water_one_cm":45224,"minecraft:boat_one_cm":209452,"minecraft:jump":6880,"minecraft:interact_with_blast_furnace":1,"minecraft:walk_on_water_one_cm":66179,"minecraft:total_world_time":254269,"minecraft:interact_with_furnace":84,"minecraft:sleep_in_bed":6,"minecraft:time_since_rest":17906,"minecraft:damage_taken":4468,"minecraft:damage_dealt":15863,"minecraft:swim_one_cm":172273,"minecraft:fly_one_cm":1152332,"minecraft:open_chest":105,"minecraft:crouch_one_cm":14691,"minecraft:interact_with_smoker":1,"minecraft:fall_one_cm":158391},"minecraft:dropped":{"minecraft:iron_ingot":1,"minecraft:wheat_seeds":1,"minecraft:dark_oak_button":3,"minecraft:amethyst_shard":4,"minecraft:smooth_sandstone":4,"minecraft:white_wool":3,"minecraft:bone":1,"minecraft:bricks":1,"minecraft:golden_chestplate":1,"minecraft:wheat":1,"minecraft:clay_ball":18,"minecraft:damaged_anvil":1,"minecraft:carrot":1,"minecraft:spruce_planks":1,"minecraft:andesite":2,"minecraft:chest":1,"minecraft:spider_eye":1,"minecraft:arrow":6,"minecraft:bow":1,"minecraft:wooden_pickaxe":1,"minecraft:black_wool":1},"minecraft:killed":{"minecraft:spider":2,"minecraft:skeleton":15,"minecraft:chicken":8,"minecraft:drowned":2,"minecraft:pig":14,"minecraft:zombie_villager":1,"minecraft:salmon":3,"minecraft:sheep":23,"minecraft:pillager":1,"minecraft:zombie":29,"minecraft:enderman":1,"minecraft:cow":14},"minecraft:crafted":{"minecraft:oak_planks":60,"minecraft:dark_oak_boat":2,"minecraft:cooked_chicken":5,"minecraft:furnace":2,"minecraft:cooked_mutton":17,"minecraft:glass":19,"travelersbackpack:white_sleeping_bag":1,"minecraft:iron_boots":1,"minecraft:iron_axe":1,"minecraft:stone_pickaxe":2,"minecraft:chest":1,"minecraft:dark_oak_planks":28,"minecraft:cooked_beef":26,"minecraft:cooked_porkchop":20,"minecraft:crafting_table":3,"minecraft:spruce_planks":56,"travelersbackpack:standard":1,"travelersbackpack:backpack_tank":2,"minecraft:wooden_pickaxe":1,"minecraft:iron_helmet":1,"minecraft:iron_sword":2,"minecraft:bucket":1,"minecraft:dark_oak_button":3,"minecraft:orange_dye":19,"minecraft:acacia_boat":1,"minecraft:iron_chestplate":1,"minecraft:shield":2,"minecraft:stick":56,"minecraft:iron_ingot":67,"minecraft:iron_pickaxe":3,"minecraft:stone_sword":1,"minecraft:iron_leggings":1,"minecraft:white_bed":1,"minecraft:acacia_planks":16,"minecraft:torch":68},"minecraft:broken":{"minecraft:iron_sword":1},"minecraft:picked_up":{"minecraft:crafting_table":12,"minecraft:wheat":1,"minecraft:chicken":15,"minecraft:clay_ball":12,"minecraft:wooden_pickaxe":1,"minecraft:shield":1,"minecraft:string":3,"minecraft:iron_leggings":2,"minecraft:gold_nugget":5,"minecraft:bucket":1,"minecraft:spruce_planks":107,"minecraft:beef":83,"minecraft:iron_pickaxe":7,"minecraft:chest":1,"minecraft:birch_sapling":1,"minecraft:furnace":23,"minecraft:iron_boots":6,"minecraft:egg":13,"minecraft:stick":40,"minecraft:raw_iron":139,"minecraft:copper_ingot":1,"minecraft:torch":35,"minecraft:acacia_log":4,"minecraft:porkchop":43,"minecraft:carrot":2,"minecraft:dark_oak_planks":3,"minecraft:stone_sword":1,"minecraft:arrow":49,"minecraft:rotten_flesh":43,"minecraft:hay_block":103,"minecraft:mutton":32,"minecraft:white_wool":76,"minecraft:cobblestone":102,"minecraft:dark_oak_button":6,"minecraft:feather":12,"minecraft:cooked_beef":42,"minecraft:glow_ink_sac":2,"minecraft:tripwire_hook":1,"minecraft:andesite":3,"minecraft:salmon":8,"minecraft:leather":20,"minecraft:oak_log":15,"minecraft:dirt":26,"minecraft:smooth_sandstone":5,"minecraft:bone":32,"minecraft:acacia_planks":14,"minecraft:orange_tulip":19,"minecraft:bow":2,"minecraft:wheat_seeds":11,"minecraft:raw_gold":6,"minecraft:iron_ingot":8,"minecraft:stone_pickaxe":2,"minecraft:iron_sword":5,"minecraft:oak_planks":222,"minecraft:cooked_porkchop":9,"minecraft:sand":23,"minecraft:amethyst_shard":4,"minecraft:spruce_log":34,"minecraft:grass_block":1,"minecraft:spider_eye":1,"minecraft:dark_oak_log":10,"travelersbackpack:white_sleeping_bag":2,"minecraft:iron_helmet":5,"minecraft:gray_wool":1,"minecraft:emerald":46,"minecraft:bricks":2,"minecraft:black_wool":1,"minecraft:damaged_anvil":1,"minecraft:coal":696,"minecraft:oak_leaves":6},"minecraft:used":{"minecraft:stone_sword":19,"minecraft:spruce_planks":21,"minecraft:shield":9,"minecraft:iron_sword":328,"minecraft:cooked_chicken":5,"minecraft:iron_chestplate":1,"minecraft:torch":33,"minecraft:dirt":17,"minecraft:mutton":16,"minecraft:bricks":1,"minecraft:iron_axe":3,"minecraft:smooth_sandstone":1,"minecraft:iron_boots":2,"minecraft:beef":4,"minecraft:dark_oak_boat":2,"minecraft:hay_block":13,"minecraft:furnace":14,"minecraft:egg":1,"minecraft:cooked_beef":25,"minecraft:acacia_planks":7,"minecraft:iron_leggings":1,"minecraft:cooked_mutton":4,"minecraft:acacia_boat":1,"minecraft:water_bucket":18,"minecraft:stone_pickaxe":90,"minecraft:wooden_pickaxe":12,"minecraft:white_wool":10,"minecraft:crafting_table":9,"minecraft:white_bed":1,"minecraft:chicken":2,"travelersbackpack:white_sleeping_bag":2,"minecraft:iron_pickaxe":244,"minecraft:cobblestone":12,"travelersbackpack:standard":1,"minecraft:porkchop":8,"minecraft:cooked_porkchop":13,"minecraft:bucket":19},"minecraft:killed_by":{"minecraft:creeper":2,"minecraft:zombie":1},"minecraft:mined":{"minecraft:blue_carpet":1,"minecraft:spruce_planks":1,"minecraft:mossy_cobblestone":14,"minecraft:dark_oak_leaves":5,"minecraft:dark_oak_log":7,"minecraft:acacia_log":4,"minecraft:grass_block":17,"travelersbackpack:white_sleeping_bag":2,"minecraft:red_stained_glass_pane":3,"minecraft:large_fern":2,"minecraft:hay_block":19,"minecraft:tall_seagrass":2,"minecraft:furnace":12,"minecraft:iron_ore":81,"minecraft:fire":1,"minecraft:andesite":3,"minecraft:deepslate_iron_ore":1,"minecraft:pink_tulip":1,"minecraft:azalea_leaves":1,"minecraft:stone":79,"minecraft:white_wool":1,"minecraft:cyan_terracotta":3,"minecraft:medium_amethyst_bud":1,"minecraft:amethyst_cluster":1,"minecraft:clay":3,"minecraft:smooth_sandstone":7,"minecraft:crafting_table":7,"minecraft:chest":1,"minecraft:white_stained_glass_pane":1,"minecraft:stone_slab":1,"minecraft:cobblestone":2,"minecraft:tall_grass":16,"minecraft:copper_ore":1,"minecraft:deepslate_gold_ore":3,"minecraft:bricks":4,"minecraft:damaged_anvil":1,"minecraft:wall_torch":1,"minecraft:orange_tulip":19,"minecraft:grass":36,"minecraft:oak_log":16,"minecraft:coal_ore":126,"minecraft:sand":19,"minecraft:dirt":3,"minecraft:tripwire_hook":1,"minecraft:deepslate":1,"minecraft:gold_ore":3,"minecraft:fern":5,"minecraft:oak_leaves":2}},"DataVersion":3465}