{"stats":{"minecraft:crafted":{"minecraft:oak_planks":60,"minecraft:crafting_table":1,"minecraft:wooden_pickaxe":1,"minecraft:iron_helmet":1,"minecraft:cooked_chicken":3,"minecraft:iron_sword":1,"minecraft:furnace":2,"minecraft:cooked_mutton":4,"minecraft:iron_boots":1,"minecraft:stick":32,"minecraft:iron_ingot":25,"minecraft:iron_pickaxe":2,"minecraft:stone_pickaxe":2,"minecraft:stone_sword":1,"minecraft:iron_leggings":1},"minecraft:dropped":{"minecraft:wooden_pickaxe":1},"minecraft:picked_up":{"minecraft:crafting_table":3,"minecraft:feather":2,"minecraft:chicken":5,"minecraft:leather":5,"minecraft:wooden_pickaxe":1,"minecraft:oak_log":15,"minecraft:wheat_seeds":1,"minecraft:beef":14,"minecraft:stone_pickaxe":2,"minecraft:oak_planks":37,"minecraft:egg":3,"minecraft:furnace":3,"minecraft:stick":25,"minecraft:raw_iron":39,"minecraft:copper_ingot":1,"minecraft:porkchop":12,"minecraft:stone_sword":1,"minecraft:rotten_flesh":8,"minecraft:hay_block":16,"minecraft:gray_wool":1,"minecraft:mutton":11,"minecraft:coal":91,"minecraft:white_wool":9,"minecraft:cobblestone":38},"minecraft:killed":{"minecraft:pig":6,"minecraft:spider":1,"minecraft:sheep":9,"minecraft:zombie":12,"minecraft:chicken":5,"minecraft:drowned":2,"minecraft:cow":7},"minecraft:mined":{"minecraft:blue_carpet":1,"minecraft:cyan_terracotta":3,"minecraft:crafting_table":2,"minecraft:stone_slab":1,"minecraft:hay_block":16,"minecraft:furnace":2,"minecraft:iron_ore":26,"minecraft:grass":12,"minecraft:coal_ore":50,"minecraft:oak_log":16,"minecraft:azalea_leaves":1,"minecraft:stone":33,"minecraft:white_wool":1,"minecraft:oak_leaves":2,"minecraft:fern":1},"minecraft:used":{"minecraft:cooked_mutton":4,"minecraft:stone_sword":19,"minecraft:stone_pickaxe":90,"minecraft:wooden_pickaxe":12,"minecraft:iron_sword":85,"minecraft:cooked_chicken":2,"minecraft:white_wool":1,"minecraft:mutton":1,"minecraft:crafting_table":2,"minecraft:iron_pickaxe":13,"minecraft:cobblestone":8,"minecraft:furnace":2,"minecraft:porkchop":3,"minecraft:egg":1},"minecraft:custom":{"minecraft:interact_with_furnace":17,"minecraft:mob_kills":42,"minecraft:interact_with_crafting_table":13,"minecraft:bell_ring":1,"minecraft:leave_game":1,"minecraft:time_since_death":27804,"minecraft:climb_one_cm":6664,"minecraft:time_since_rest":27884,"minecraft:sprint_one_cm":139800,"minecraft:damage_taken":383,"minecraft:walk_one_cm":68279,"minecraft:drop":1,"minecraft:damage_dealt":5209,"minecraft:swim_one_cm":15296,"minecraft:fly_one_cm":221297,"minecraft:open_chest":6,"minecraft:crouch_one_cm":2008,"minecraft:play_time":40954,"minecraft:deaths":1,"minecraft:sneak_time":617,"minecraft:walk_under_water_one_cm":1060,"minecraft:jump":1322,"minecraft:walk_on_water_one_cm":4383,"minecraft:total_world_time":40954,"minecraft:interact_with_smoker":1,"minecraft:fall_one_cm":21916}},"DataVersion":3465}