{"stats":{"minecraft:crafted":{"minecraft:cooked_beef":16,"minecraft:oak_planks":60,"minecraft:cooked_porkchop":5,"minecraft:dark_oak_boat":2,"minecraft:crafting_table":3,"minecraft:wooden_pickaxe":1,"minecraft:cooked_chicken":5,"minecraft:iron_helmet":1,"minecraft:iron_sword":1,"minecraft:furnace":2,"minecraft:cooked_mutton":10,"minecraft:acacia_boat":1,"minecraft:iron_boots":1,"minecraft:stick":32,"minecraft:iron_ingot":25,"minecraft:iron_pickaxe":2,"minecraft:stone_pickaxe":2,"minecraft:stone_sword":1,"minecraft:iron_leggings":1,"minecraft:acacia_planks":16,"minecraft:dark_oak_planks":28},"minecraft:killed":{"minecraft:pig":11,"minecraft:salmon":3,"minecraft:spider":1,"minecraft:sheep":19,"minecraft:skeleton":4,"minecraft:zombie":18,"minecraft:chicken":8,"minecraft:drowned":2,"minecraft:enderman":1,"minecraft:cow":10},"minecraft:picked_up":{"minecraft:crafting_table":6,"minecraft:feather":12,"minecraft:cooked_beef":14,"minecraft:chicken":13,"minecraft:salmon":4,"minecraft:leather":11,"minecraft:wooden_pickaxe":1,"minecraft:oak_log":15,"minecraft:dirt":24,"minecraft:iron_leggings":2,"minecraft:bone":22,"minecraft:acacia_planks":14,"minecraft:wheat_seeds":4,"minecraft:gold_nugget":3,"minecraft:beef":67,"minecraft:stone_pickaxe":2,"minecraft:iron_pickaxe":5,"minecraft:birch_sapling":1,"minecraft:oak_planks":185,"minecraft:iron_sword":3,"minecraft:egg":9,"minecraft:iron_boots":4,"minecraft:furnace":15,"minecraft:stick":25,"minecraft:raw_iron":62,"minecraft:cooked_porkchop":4,"minecraft:copper_ingot":1,"minecraft:acacia_log":4,"minecraft:porkchop":31,"minecraft:sand":4,"minecraft:grass_block":1,"minecraft:spruce_log":34,"minecraft:dark_oak_log":10,"minecraft:dark_oak_planks":3,"minecraft:stone_sword":1,"minecraft:arrow":22,"minecraft:rotten_flesh":16,"minecraft:hay_block":80,"minecraft:iron_helmet":3,"minecraft:gray_wool":1,"minecraft:emerald":26,"minecraft:mutton":27,"minecraft:coal":409,"minecraft:white_wool":29,"minecraft:cobblestone":58},"minecraft:killed_by":{"minecraft:creeper":2,"minecraft:zombie":1},"minecraft:custom":{"minecraft:interact_with_furnace":43,"minecraft:mob_kills":77,"minecraft:interact_with_crafting_table":16,"minecraft:bell_ring":1,"minecraft:leave_game":3,"minecraft:time_since_death":23031,"minecraft:sleep_in_bed":1,"minecraft:climb_one_cm":21108,"minecraft:time_since_rest":846,"minecraft:sprint_one_cm":421153,"minecraft:damage_taken":1986,"minecraft:walk_one_cm":193295,"minecraft:drop":1,"minecraft:damage_dealt":9338,"minecraft:talked_to_villager":3,"minecraft:swim_one_cm":92074,"minecraft:fly_one_cm":659832,"minecraft:open_chest":16,"minecraft:crouch_one_cm":5432,"minecraft:play_time":118311,"minecraft:deaths":5,"minecraft:sneak_time":1992,"minecraft:walk_under_water_one_cm":12428,"minecraft:boat_one_cm":209452,"minecraft:jump":3746,"minecraft:walk_on_water_one_cm":27491,"minecraft:total_world_time":118311,"minecraft:interact_with_smoker":1,"minecraft:fall_one_cm":83169},"minecraft:dropped":{"minecraft:wooden_pickaxe":1},"minecraft:used":{"minecraft:cooked_mutton":4,"minecraft:acacia_boat":1,"minecraft:stone_sword":19,"minecraft:stone_pickaxe":90,"minecraft:wooden_pickaxe":12,"minecraft:iron_sword":145,"minecraft:cooked_chicken":5,"minecraft:white_wool":1,"minecraft:dirt":15,"minecraft:mutton":16,"minecraft:crafting_table":4,"minecraft:chicken":2,"minecraft:iron_pickaxe":88,"minecraft:iron_boots":2,"minecraft:cobblestone":9,"minecraft:beef":4,"minecraft:dark_oak_boat":2,"minecraft:furnace":8,"minecraft:cooked_porkchop":6,"minecraft:porkchop":8,"minecraft:egg":1,"minecraft:cooked_beef":4,"minecraft:iron_leggings":1},"minecraft:mined":{"minecraft:blue_carpet":1,"minecraft:cyan_terracotta":3,"minecraft:mossy_cobblestone":14,"minecraft:dark_oak_leaves":5,"minecraft:medium_amethyst_bud":1,"minecraft:dark_oak_log":7,"minecraft:crafting_table":3,"minecraft:acacia_log":4,"minecraft:grass_block":15,"minecraft:stone_slab":1,"minecraft:tall_grass":2,"minecraft:copper_ore":1,"minecraft:cobblestone":2,"minecraft:large_fern":2,"minecraft:hay_block":16,"minecraft:tall_seagrass":2,"minecraft:furnace":8,"minecraft:iron_ore":39,"minecraft:fire":1,"minecraft:grass":20,"minecraft:coal_ore":80,"minecraft:oak_log":16,"minecraft:dirt":3,"minecraft:pink_tulip":1,"minecraft:azalea_leaves":1,"minecraft:stone":39,"minecraft:white_wool":1,"minecraft:oak_leaves":2,"minecraft:fern":5}},"DataVersion":3465}