{"stats":{"minecraft:crafted":{"minecraft:oak_planks":60,"minecraft:cooked_porkchop":5,"minecraft:crafting_table":2,"minecraft:wooden_pickaxe":1,"minecraft:iron_helmet":1,"minecraft:cooked_chicken":3,"minecraft:iron_sword":1,"minecraft:furnace":2,"minecraft:acacia_boat":1,"minecraft:cooked_mutton":10,"minecraft:iron_boots":1,"minecraft:stick":32,"minecraft:iron_ingot":25,"minecraft:iron_pickaxe":2,"minecraft:stone_pickaxe":2,"minecraft:stone_sword":1,"minecraft:iron_leggings":1,"minecraft:acacia_planks":16},"minecraft:killed":{"minecraft:pig":7,"minecraft:spider":1,"minecraft:skeleton":4,"minecraft:sheep":11,"minecraft:zombie":12,"minecraft:chicken":5,"minecraft:drowned":2,"minecraft:enderman":1,"minecraft:cow":7},"minecraft:picked_up":{"minecraft:crafting_table":4,"minecraft:feather":4,"minecraft:chicken":7,"minecraft:leather":10,"minecraft:wooden_pickaxe":1,"minecraft:oak_log":15,"minecraft:iron_leggings":1,"minecraft:bone":10,"minecraft:wheat_seeds":1,"minecraft:gold_nugget":1,"minecraft:beef":34,"minecraft:stone_pickaxe":2,"minecraft:iron_pickaxe":2,"minecraft:iron_sword":1,"minecraft:oak_planks":74,"minecraft:iron_boots":1,"minecraft:egg":5,"minecraft:furnace":9,"minecraft:stick":25,"minecraft:raw_iron":39,"minecraft:cooked_porkchop":4,"minecraft:copper_ingot":1,"minecraft:acacia_log":4,"minecraft:porkchop":20,"minecraft:spruce_log":6,"minecraft:grass_block":1,"minecraft:dark_oak_log":1,"minecraft:stone_sword":1,"minecraft:arrow":10,"minecraft:rotten_flesh":8,"minecraft:iron_helmet":1,"minecraft:hay_block":32,"minecraft:gray_wool":1,"minecraft:emerald":6,"minecraft:mutton":14,"minecraft:coal":243,"minecraft:white_wool":11,"minecraft:cobblestone":48},"minecraft:killed_by":{"minecraft:creeper":1},"minecraft:custom":{"minecraft:interact_with_furnace":23,"minecraft:mob_kills":50,"minecraft:interact_with_crafting_table":14,"minecraft:bell_ring":1,"minecraft:leave_game":1,"minecraft:time_since_death":13497,"minecraft:climb_one_cm":10617,"minecraft:time_since_rest":13583,"minecraft:sprint_one_cm":207813,"minecraft:damage_taken":1053,"minecraft:walk_one_cm":100843,"minecraft:drop":1,"minecraft:damage_dealt":6565,"minecraft:talked_to_villager":1,"minecraft:swim_one_cm":39655,"minecraft:fly_one_cm":301717,"minecraft:open_chest":13,"minecraft:crouch_one_cm":3900,"minecraft:play_time":61988,"minecraft:deaths":2,"minecraft:sneak_time":1073,"minecraft:walk_under_water_one_cm":5114,"minecraft:boat_one_cm":84042,"minecraft:jump":1885,"minecraft:walk_on_water_one_cm":10969,"minecraft:total_world_time":61988,"minecraft:interact_with_smoker":1,"minecraft:fall_one_cm":34755},"minecraft:dropped":{"minecraft:wooden_pickaxe":1},"minecraft:used":{"minecraft:cooked_mutton":4,"minecraft:acacia_boat":1,"minecraft:stone_sword":19,"minecraft:stone_pickaxe":90,"minecraft:wooden_pickaxe":12,"minecraft:iron_sword":106,"minecraft:cooked_chicken":3,"minecraft:white_wool":1,"minecraft:mutton":4,"minecraft:crafting_table":3,"minecraft:iron_pickaxe":51,"minecraft:cobblestone":9,"minecraft:cooked_porkchop":6,"minecraft:furnace":6,"minecraft:porkchop":5,"minecraft:egg":1},"minecraft:mined":{"minecraft:blue_carpet":1,"minecraft:cyan_terracotta":3,"minecraft:dark_oak_leaves":5,"minecraft:dark_oak_log":1,"minecraft:crafting_table":3,"minecraft:acacia_log":4,"minecraft:stone_slab":1,"minecraft:hay_block":16,"minecraft:furnace":6,"minecraft:iron_ore":26,"minecraft:fire":1,"minecraft:grass":13,"minecraft:oak_log":16,"minecraft:coal_ore":79,"minecraft:pink_tulip":1,"minecraft:azalea_leaves":1,"minecraft:stone":38,"minecraft:white_wool":1,"minecraft:oak_leaves":2,"minecraft:fern":1}},"DataVersion":3465}