{"stats":{"minecraft:crafted":{"minecraft:cooked_beef":21,"minecraft:oak_planks":60,"minecraft:cooked_porkchop":10,"minecraft:dark_oak_boat":2,"minecraft:crafting_table":3,"minecraft:spruce_planks":56,"minecraft:wooden_pickaxe":1,"minecraft:cooked_chicken":5,"minecraft:iron_helmet":1,"minecraft:iron_sword":1,"minecraft:furnace":2,"minecraft:bucket":1,"minecraft:dark_oak_button":3,"minecraft:cooked_mutton":10,"minecraft:acacia_boat":1,"minecraft:iron_boots":1,"minecraft:shield":1,"minecraft:stick":56,"minecraft:iron_ingot":37,"minecraft:iron_pickaxe":2,"minecraft:stone_pickaxe":2,"minecraft:stone_sword":1,"minecraft:iron_leggings":1,"minecraft:acacia_planks":16,"minecraft:dark_oak_planks":28,"minecraft:torch":36},"minecraft:killed":{"minecraft:pig":11,"minecraft:salmon":3,"minecraft:spider":1,"minecraft:sheep":19,"minecraft:skeleton":4,"minecraft:zombie":18,"minecraft:chicken":8,"minecraft:drowned":2,"minecraft:enderman":1,"minecraft:cow":10},"minecraft:picked_up":{"minecraft:crafting_table":9,"minecraft:dark_oak_button":6,"minecraft:feather":12,"minecraft:cooked_beef":42,"minecraft:chicken":15,"minecraft:andesite":2,"minecraft:salmon":8,"minecraft:leather":11,"minecraft:wooden_pickaxe":1,"minecraft:oak_log":15,"minecraft:shield":1,"minecraft:dirt":24,"minecraft:iron_leggings":2,"minecraft:bone":22,"minecraft:acacia_planks":14,"minecraft:bucket":1,"minecraft:wheat_seeds":4,"minecraft:gold_nugget":5,"minecraft:iron_ingot":8,"minecraft:spruce_planks":106,"minecraft:beef":72,"minecraft:stone_pickaxe":2,"minecraft:iron_pickaxe":7,"minecraft:birch_sapling":1,"minecraft:oak_planks":222,"minecraft:iron_sword":5,"minecraft:egg":13,"minecraft:iron_boots":6,"minecraft:furnace":21,"minecraft:stick":40,"minecraft:raw_iron":118,"minecraft:cooked_porkchop":9,"minecraft:copper_ingot":1,"minecraft:torch":34,"minecraft:acacia_log":4,"minecraft:porkchop":36,"minecraft:sand":4,"minecraft:grass_block":1,"minecraft:spruce_log":34,"minecraft:dark_oak_log":10,"minecraft:dark_oak_planks":3,"minecraft:stone_sword":1,"minecraft:arrow":34,"minecraft:rotten_flesh":30,"minecraft:hay_block":103,"minecraft:iron_helmet":5,"minecraft:gray_wool":1,"minecraft:emerald":46,"minecraft:mutton":27,"minecraft:coal":594,"minecraft:white_wool":73,"minecraft:cobblestone":69},"minecraft:killed_by":{"minecraft:creeper":2,"minecraft:zombie":1},"minecraft:custom":{"minecraft:interact_with_furnace":61,"minecraft:mob_kills":77,"minecraft:interact_with_crafting_table":19,"minecraft:bell_ring":1,"minecraft:leave_game":3,"minecraft:time_since_death":1849,"minecraft:sleep_in_bed":1,"minecraft:climb_one_cm":21811,"minecraft:time_since_rest":1884,"minecraft:sprint_one_cm":435594,"minecraft:damage_taken":3076,"minecraft:walk_one_cm":211128,"minecraft:drop":3,"minecraft:damage_dealt":9338,"minecraft:talked_to_villager":3,"minecraft:swim_one_cm":96470,"minecraft:fly_one_cm":681170,"minecraft:open_chest":16,"minecraft:crouch_one_cm":7300,"minecraft:play_time":130311,"minecraft:deaths":7,"minecraft:sneak_time":2508,"minecraft:walk_under_water_one_cm":12772,"minecraft:boat_one_cm":209452,"minecraft:jump":3971,"minecraft:walk_on_water_one_cm":28551,"minecraft:total_world_time":130311,"minecraft:interact_with_smoker":1,"minecraft:fall_one_cm":99329},"minecraft:dropped":{"minecraft:dark_oak_button":3,"minecraft:andesite":2,"minecraft:wooden_pickaxe":1},"minecraft:used":{"minecraft:cooked_mutton":4,"minecraft:acacia_boat":1,"minecraft:stone_sword":19,"minecraft:stone_pickaxe":90,"minecraft:wooden_pickaxe":12,"minecraft:iron_sword":145,"minecraft:cooked_chicken":5,"minecraft:white_wool":1,"minecraft:torch":6,"minecraft:dirt":15,"minecraft:mutton":16,"minecraft:crafting_table":5,"minecraft:chicken":2,"minecraft:iron_pickaxe":120,"minecraft:iron_boots":2,"minecraft:cobblestone":9,"minecraft:hay_block":13,"minecraft:beef":4,"minecraft:dark_oak_boat":2,"minecraft:furnace":10,"minecraft:cooked_porkchop":6,"minecraft:porkchop":8,"minecraft:egg":1,"minecraft:cooked_beef":6,"minecraft:acacia_planks":7,"minecraft:iron_leggings":1},"minecraft:mined":{"minecraft:blue_carpet":1,"minecraft:cyan_terracotta":3,"minecraft:mossy_cobblestone":14,"minecraft:dark_oak_leaves":5,"minecraft:medium_amethyst_bud":1,"minecraft:dark_oak_log":7,"minecraft:crafting_table":4,"minecraft:acacia_log":4,"minecraft:grass_block":15,"minecraft:stone_slab":1,"minecraft:tall_grass":2,"minecraft:copper_ore":1,"minecraft:cobblestone":2,"minecraft:large_fern":2,"minecraft:hay_block":19,"minecraft:tall_seagrass":2,"minecraft:furnace":10,"minecraft:iron_ore":61,"minecraft:fire":1,"minecraft:andesite":2,"minecraft:grass":21,"minecraft:coal_ore":80,"minecraft:oak_log":16,"minecraft:dirt":3,"minecraft:pink_tulip":1,"minecraft:azalea_leaves":1,"minecraft:stone":45,"minecraft:white_wool":1,"minecraft:oak_leaves":2,"minecraft:fern":5}},"DataVersion":3465}