{"stats":{"minecraft:custom":{"minecraft:mob_kills":81,"minecraft:interact_with_crafting_table":24,"minecraft:open_barrel":4,"minecraft:bell_ring":1,"minecraft:leave_game":4,"minecraft:time_since_death":35807,"minecraft:climb_one_cm":24237,"minecraft:sprint_one_cm":574644,"minecraft:walk_one_cm":311266,"minecraft:drop":3,"minecraft:talked_to_villager":15,"minecraft:play_time":164269,"minecraft:sneak_time":3151,"minecraft:deaths":7,"minecraft:walk_under_water_one_cm":14041,"minecraft:boat_one_cm":209452,"minecraft:jump":4845,"minecraft:walk_on_water_one_cm":40923,"minecraft:total_world_time":164269,"minecraft:interact_with_furnace":66,"minecraft:sleep_in_bed":1,"minecraft:time_since_rest":35842,"minecraft:damage_taken":3476,"minecraft:damage_dealt":10138,"minecraft:swim_one_cm":107703,"minecraft:fly_one_cm":792410,"minecraft:open_chest":65,"minecraft:crouch_one_cm":8924,"minecraft:interact_with_smoker":1,"minecraft:fall_one_cm":114485},"minecraft:dropped":{"minecraft:dark_oak_button":3,"minecraft:andesite":2,"minecraft:wooden_pickaxe":1},"minecraft:killed":{"minecraft:spider":1,"minecraft:skeleton":4,"minecraft:chicken":8,"minecraft:drowned":2,"minecraft:pig":11,"minecraft:salmon":3,"minecraft:sheep":19,"minecraft:zombie":22,"minecraft:enderman":1,"minecraft:cow":10},"minecraft:crafted":{"minecraft:oak_planks":60,"minecraft:dark_oak_boat":2,"minecraft:cooked_chicken":5,"minecraft:furnace":2,"minecraft:cooked_mutton":10,"minecraft:iron_boots":1,"minecraft:iron_axe":1,"minecraft:stone_pickaxe":2,"minecraft:dark_oak_planks":28,"minecraft:cooked_beef":26,"minecraft:cooked_porkchop":10,"minecraft:crafting_table":3,"minecraft:spruce_planks":56,"minecraft:wooden_pickaxe":1,"minecraft:iron_helmet":1,"minecraft:iron_sword":1,"minecraft:bucket":1,"minecraft:dark_oak_button":3,"minecraft:acacia_boat":1,"minecraft:iron_chestplate":1,"minecraft:shield":1,"minecraft:stick":56,"minecraft:iron_ingot":37,"minecraft:iron_pickaxe":2,"minecraft:stone_sword":1,"minecraft:iron_leggings":1,"minecraft:acacia_planks":16,"minecraft:torch":68},"minecraft:picked_up":{"minecraft:crafting_table":10,"minecraft:wheat":1,"minecraft:chicken":15,"minecraft:wooden_pickaxe":1,"minecraft:shield":1,"minecraft:iron_leggings":2,"minecraft:gold_nugget":5,"minecraft:bucket":1,"minecraft:spruce_planks":107,"minecraft:beef":72,"minecraft:iron_pickaxe":7,"minecraft:chest":1,"minecraft:birch_sapling":1,"minecraft:furnace":23,"minecraft:iron_boots":6,"minecraft:egg":13,"minecraft:stick":40,"minecraft:raw_iron":121,"minecraft:copper_ingot":1,"minecraft:torch":34,"minecraft:acacia_log":4,"minecraft:porkchop":36,"minecraft:dark_oak_planks":3,"minecraft:stone_sword":1,"minecraft:arrow":34,"minecraft:rotten_flesh":33,"minecraft:hay_block":103,"minecraft:mutton":27,"minecraft:white_wool":73,"minecraft:cobblestone":71,"minecraft:dark_oak_button":6,"minecraft:feather":12,"minecraft:cooked_beef":42,"minecraft:glow_ink_sac":2,"minecraft:tripwire_hook":1,"minecraft:andesite":3,"minecraft:salmon":8,"minecraft:leather":11,"minecraft:oak_log":15,"minecraft:dirt":24,"minecraft:bone":22,"minecraft:acacia_planks":14,"minecraft:wheat_seeds":7,"minecraft:raw_gold":1,"minecraft:iron_ingot":8,"minecraft:stone_pickaxe":2,"minecraft:iron_sword":5,"minecraft:oak_planks":222,"minecraft:cooked_porkchop":9,"minecraft:sand":4,"minecraft:amethyst_shard":4,"minecraft:spruce_log":34,"minecraft:grass_block":1,"minecraft:dark_oak_log":10,"minecraft:iron_helmet":5,"minecraft:gray_wool":1,"minecraft:emerald":46,"minecraft:damaged_anvil":1,"minecraft:coal":655,"minecraft:oak_leaves":6},"minecraft:used":{"minecraft:stone_sword":19,"minecraft:spruce_planks":21,"minecraft:iron_sword":163,"minecraft:cooked_chicken":5,"minecraft:iron_chestplate":1,"minecraft:torch":11,"minecraft:dirt":15,"minecraft:mutton":16,"minecraft:iron_axe":1,"minecraft:iron_boots":2,"minecraft:beef":4,"minecraft:dark_oak_boat":2,"minecraft:hay_block":13,"minecraft:furnace":12,"minecraft:egg":1,"minecraft:cooked_beef":13,"minecraft:acacia_planks":7,"minecraft:iron_leggings":1,"minecraft:cooked_mutton":4,"minecraft:acacia_boat":1,"minecraft:water_bucket":1,"minecraft:stone_pickaxe":90,"minecraft:wooden_pickaxe":12,"minecraft:white_wool":1,"minecraft:crafting_table":6,"minecraft:chicken":2,"minecraft:iron_pickaxe":135,"minecraft:cobblestone":9,"minecraft:porkchop":8,"minecraft:cooked_porkchop":6,"minecraft:bucket":2},"minecraft:killed_by":{"minecraft:creeper":2,"minecraft:zombie":1},"minecraft:mined":{"minecraft:blue_carpet":1,"minecraft:spruce_planks":1,"minecraft:mossy_cobblestone":14,"minecraft:dark_oak_leaves":5,"minecraft:dark_oak_log":7,"minecraft:acacia_log":4,"minecraft:grass_block":15,"minecraft:large_fern":2,"minecraft:hay_block":19,"minecraft:tall_seagrass":2,"minecraft:furnace":12,"minecraft:iron_ore":63,"minecraft:fire":1,"minecraft:andesite":3,"minecraft:deepslate_iron_ore":1,"minecraft:pink_tulip":1,"minecraft:azalea_leaves":1,"minecraft:stone":47,"minecraft:white_wool":1,"minecraft:cyan_terracotta":3,"minecraft:medium_amethyst_bud":1,"minecraft:amethyst_cluster":1,"minecraft:crafting_table":5,"minecraft:chest":1,"minecraft:white_stained_glass_pane":1,"minecraft:stone_slab":1,"minecraft:cobblestone":2,"minecraft:tall_grass":2,"minecraft:copper_ore":1,"minecraft:damaged_anvil":1,"minecraft:grass":21,"minecraft:oak_log":16,"minecraft:coal_ore":84,"minecraft:dirt":3,"minecraft:tripwire_hook":1,"minecraft:gold_ore":1,"minecraft:fern":5,"minecraft:oak_leaves":2}},"DataVersion":3465}