{"stats":{"minecraft:crafted":{"minecraft:oak_planks":60,"minecraft:cooked_porkchop":5,"minecraft:dark_oak_boat":2,"minecraft:crafting_table":3,"minecraft:wooden_pickaxe":1,"minecraft:iron_helmet":1,"minecraft:cooked_chicken":3,"minecraft:iron_sword":1,"minecraft:furnace":2,"minecraft:acacia_boat":1,"minecraft:cooked_mutton":10,"minecraft:iron_boots":1,"minecraft:stick":32,"minecraft:iron_ingot":25,"minecraft:iron_pickaxe":2,"minecraft:stone_pickaxe":2,"minecraft:stone_sword":1,"minecraft:iron_leggings":1,"minecraft:acacia_planks":16,"minecraft:dark_oak_planks":28},"minecraft:killed":{"minecraft:pig":7,"minecraft:spider":1,"minecraft:skeleton":4,"minecraft:sheep":14,"minecraft:zombie":12,"minecraft:chicken":5,"minecraft:drowned":2,"minecraft:enderman":1,"minecraft:cow":7},"minecraft:picked_up":{"minecraft:crafting_table":4,"minecraft:feather":4,"minecraft:chicken":7,"minecraft:leather":10,"minecraft:wooden_pickaxe":1,"minecraft:oak_log":15,"minecraft:dirt":4,"minecraft:iron_leggings":2,"minecraft:bone":10,"minecraft:wheat_seeds":1,"minecraft:gold_nugget":1,"minecraft:beef":34,"minecraft:stone_pickaxe":2,"minecraft:iron_pickaxe":2,"minecraft:iron_sword":1,"minecraft:oak_planks":111,"minecraft:iron_boots":2,"minecraft:egg":5,"minecraft:furnace":9,"minecraft:stick":25,"minecraft:raw_iron":39,"minecraft:cooked_porkchop":4,"minecraft:copper_ingot":1,"minecraft:acacia_log":4,"minecraft:sand":2,"minecraft:porkchop":20,"minecraft:spruce_log":6,"minecraft:grass_block":1,"minecraft:dark_oak_log":8,"minecraft:stone_sword":1,"minecraft:arrow":10,"minecraft:rotten_flesh":8,"minecraft:iron_helmet":1,"minecraft:hay_block":48,"minecraft:gray_wool":1,"minecraft:emerald":6,"minecraft:mutton":20,"minecraft:coal":243,"minecraft:white_wool":14,"minecraft:cobblestone":48},"minecraft:killed_by":{"minecraft:creeper":2},"minecraft:custom":{"minecraft:interact_with_furnace":23,"minecraft:mob_kills":53,"minecraft:interact_with_crafting_table":16,"minecraft:bell_ring":1,"minecraft:leave_game":1,"minecraft:time_since_death":7555,"minecraft:climb_one_cm":15386,"minecraft:time_since_rest":7669,"minecraft:sprint_one_cm":276681,"minecraft:damage_taken":1506,"minecraft:walk_one_cm":126837,"minecraft:drop":1,"minecraft:damage_dealt":6815,"minecraft:talked_to_villager":1,"minecraft:swim_one_cm":58747,"minecraft:fly_one_cm":409242,"minecraft:open_chest":13,"minecraft:crouch_one_cm":4454,"minecraft:play_time":79988,"minecraft:deaths":4,"minecraft:sneak_time":1190,"minecraft:walk_under_water_one_cm":7140,"minecraft:boat_one_cm":209452,"minecraft:jump":2416,"minecraft:walk_on_water_one_cm":14789,"minecraft:total_world_time":79988,"minecraft:interact_with_smoker":1,"minecraft:fall_one_cm":51555},"minecraft:dropped":{"minecraft:wooden_pickaxe":1},"minecraft:used":{"minecraft:cooked_mutton":4,"minecraft:acacia_boat":1,"minecraft:stone_sword":19,"minecraft:stone_pickaxe":90,"minecraft:wooden_pickaxe":12,"minecraft:iron_sword":106,"minecraft:cooked_chicken":3,"minecraft:white_wool":1,"minecraft:mutton":9,"minecraft:crafting_table":4,"minecraft:iron_pickaxe":51,"minecraft:iron_boots":1,"minecraft:cobblestone":9,"minecraft:dark_oak_boat":2,"minecraft:cooked_porkchop":6,"minecraft:furnace":6,"minecraft:porkchop":5,"minecraft:egg":1,"minecraft:iron_leggings":1},"minecraft:mined":{"minecraft:blue_carpet":1,"minecraft:cyan_terracotta":3,"minecraft:dark_oak_leaves":5,"minecraft:dark_oak_log":7,"minecraft:crafting_table":3,"minecraft:acacia_log":4,"minecraft:grass_block":1,"minecraft:stone_slab":1,"minecraft:hay_block":16,"minecraft:furnace":6,"minecraft:iron_ore":26,"minecraft:fire":1,"minecraft:grass":13,"minecraft:oak_log":16,"minecraft:coal_ore":79,"minecraft:pink_tulip":1,"minecraft:azalea_leaves":1,"minecraft:stone":38,"minecraft:white_wool":1,"minecraft:oak_leaves":2,"minecraft:fern":1}},"DataVersion":3465}