{"stats":{"minecraft:crafted":{"minecraft:oak_planks":60,"minecraft:cooked_porkchop":5,"minecraft:crafting_table":1,"minecraft:wooden_pickaxe":1,"minecraft:iron_helmet":1,"minecraft:cooked_chicken":3,"minecraft:iron_sword":1,"minecraft:furnace":2,"minecraft:cooked_mutton":10,"minecraft:iron_boots":1,"minecraft:stick":32,"minecraft:iron_ingot":25,"minecraft:iron_pickaxe":2,"minecraft:stone_pickaxe":2,"minecraft:stone_sword":1,"minecraft:iron_leggings":1},"minecraft:killed":{"minecraft:pig":6,"minecraft:spider":1,"minecraft:skeleton":4,"minecraft:sheep":9,"minecraft:zombie":12,"minecraft:chicken":5,"minecraft:drowned":2,"minecraft:enderman":1,"minecraft:cow":7},"minecraft:picked_up":{"minecraft:crafting_table":3,"minecraft:feather":2,"minecraft:chicken":5,"minecraft:leather":5,"minecraft:wooden_pickaxe":1,"minecraft:oak_log":15,"minecraft:bone":4,"minecraft:wheat_seeds":1,"minecraft:beef":14,"minecraft:stone_pickaxe":2,"minecraft:oak_planks":37,"minecraft:egg":3,"minecraft:furnace":7,"minecraft:stick":25,"minecraft:raw_iron":39,"minecraft:cooked_porkchop":1,"minecraft:copper_ingot":1,"minecraft:porkchop":15,"minecraft:grass_block":1,"minecraft:stone_sword":1,"minecraft:arrow":4,"minecraft:rotten_flesh":8,"minecraft:hay_block":16,"minecraft:gray_wool":1,"minecraft:mutton":11,"minecraft:coal":171,"minecraft:white_wool":9,"minecraft:cobblestone":43},"minecraft:killed_by":{"minecraft:creeper":1},"minecraft:custom":{"minecraft:interact_with_furnace":23,"minecraft:mob_kills":47,"minecraft:interact_with_crafting_table":13,"minecraft:bell_ring":1,"minecraft:leave_game":1,"minecraft:time_since_death":1497,"minecraft:climb_one_cm":7623,"minecraft:time_since_rest":1583,"minecraft:sprint_one_cm":167567,"minecraft:damage_taken":803,"minecraft:walk_one_cm":87700,"minecraft:drop":1,"minecraft:damage_dealt":6269,"minecraft:talked_to_villager":1,"minecraft:swim_one_cm":30551,"minecraft:fly_one_cm":250960,"minecraft:open_chest":12,"minecraft:crouch_one_cm":2615,"minecraft:play_time":49988,"minecraft:deaths":2,"minecraft:sneak_time":715,"minecraft:walk_under_water_one_cm":3077,"minecraft:jump":1548,"minecraft:walk_on_water_one_cm":6862,"minecraft:total_world_time":49988,"minecraft:interact_with_smoker":1,"minecraft:fall_one_cm":26072},"minecraft:dropped":{"minecraft:wooden_pickaxe":1},"minecraft:used":{"minecraft:cooked_mutton":4,"minecraft:stone_sword":19,"minecraft:stone_pickaxe":90,"minecraft:wooden_pickaxe":12,"minecraft:iron_sword":106,"minecraft:cooked_chicken":3,"minecraft:white_wool":1,"minecraft:mutton":1,"minecraft:crafting_table":2,"minecraft:iron_pickaxe":51,"minecraft:cobblestone":9,"minecraft:cooked_porkchop":3,"minecraft:furnace":6,"minecraft:porkchop":3,"minecraft:egg":1},"minecraft:mined":{"minecraft:blue_carpet":1,"minecraft:cyan_terracotta":3,"minecraft:dark_oak_leaves":1,"minecraft:crafting_table":2,"minecraft:stone_slab":1,"minecraft:hay_block":16,"minecraft:furnace":6,"minecraft:iron_ore":26,"minecraft:fire":1,"minecraft:grass":12,"minecraft:oak_log":16,"minecraft:coal_ore":79,"minecraft:pink_tulip":1,"minecraft:azalea_leaves":1,"minecraft:stone":38,"minecraft:white_wool":1,"minecraft:oak_leaves":2,"minecraft:fern":1}},"DataVersion":3465}