{"stats":{"minecraft:picked_up":{"minecraft:wooden_axe":1,"minecraft:shelter_pottery_sherd":1,"minecraft:crafting_table":24,"minecraft:wheat":2,"minecraft:chicken":25,"minecraft:clay_ball":12,"minecraft:diamond_sword":2,"minecraft:wooden_pickaxe":1,"minecraft:enchanted_book":2,"minecraft:shield":4,"minecraft:stone_stairs":1,"minecraft:string":11,"minecraft:wooden_sword":1,"minecraft:iron_leggings":2,"minecraft:blackstone":12,"minecraft:candle":2,"minecraft:gold_nugget":5,"minecraft:cobbled_deepslate":60,"minecraft:bucket":1,"minecraft:spruce_planks":125,"minecraft:andesite_stairs":1,"minecraft:beef":99,"minecraft:rose_bush":2,"minecraft:iron_pickaxe":12,"minecraft:light_gray_wool":1,"minecraft:chest":3,"minecraft:birch_sapling":1,"minecraft:egg":23,"minecraft:iron_boots":6,"minecraft:furnace":37,"minecraft:stick":80,"minecraft:raw_iron":264,"minecraft:copper_ingot":1,"minecraft:torch":157,"minecraft:acacia_log":4,"minecraft:porkchop":85,"minecraft:pointed_dripstone":6,"minecraft:carrot":4,"minecraft:dark_oak_planks":3,"minecraft:stone_sword":2,"minecraft:arrow":55,"minecraft:rotten_flesh":109,"minecraft:shears":1,"minecraft:hay_block":103,"minecraft:red_tulip":1,"mutantmonsters:mutant_skeleton_rib":5,"minecraft:gold_ingot":2,"mutantmonsters:mutant_skeleton_shoulder_pad":1,"minecraft:mutton":61,"minecraft:snowball":54,"minecraft:white_wool":127,"minecraft:rail":1,"minecraft:cobblestone":401,"minecraft:feather":28,"minecraft:dark_oak_button":6,"minecraft:cooked_beef":42,"minecraft:tripwire_hook":1,"minecraft:glow_ink_sac":16,"minecraft:andesite":161,"minecraft:water_bucket":1,"minecraft:salmon":19,"minecraft:leather":29,"minecraft:acacia_wood":1,"minecraft:tuff":5,"minecraft:oak_log":120,"minecraft:gunpowder":1,"minecraft:lapis_lazuli":12,"mutantmonsters:mutant_skeleton_limb":5,"minecraft:dirt":60,"minecraft:name_tag":1,"minecraft:cooked_mutton":17,"minecraft:smooth_sandstone":5,"minecraft:bone":44,"minecraft:acacia_planks":14,"minecraft:bow":3,"minecraft:wheat_seeds":19,"minecraft:orange_tulip":32,"minecraft:stone_pickaxe":3,"minecraft:raw_gold":23,"minecraft:iron_ingot":73,"minecraft:cooked_chicken":11,"minecraft:cobweb":42,"minecraft:iron_sword":5,"minecraft:oak_planks":296,"minecraft:black_candle":1,"minecraft:cooked_porkchop":37,"minecraft:dandelion":3,"minecraft:gravel":2,"minecraft:sand":35,"minecraft:amethyst_shard":4,"minecraft:white_bed":9,"minecraft:grass_block":1,"minecraft:spruce_log":40,"minecraft:dark_oak_log":10,"minecraft:spider_eye":7,"travelersbackpack:white_sleeping_bag":5,"minecraft:polished_andesite":3,"minecraft:diamond":23,"minecraft:iron_helmet":5,"minecraft:bone_meal":2,"minecraft:gray_wool":2,"minecraft:black_wool":1,"minecraft:emerald":47,"minecraft:coal":1211,"minecraft:bread":64,"minecraft:oak_sapling":8,"minecraft:terracotta":2,"minecraft:damaged_anvil":1,"minecraft:bricks":2,"minecraft:oak_leaves":6},"minecraft:killed_by":{"mutantmonsters:mutant_zombie":1,"minecraft:creeper":8,"minecraft:cave_spider":1,"minecraft:skeleton":2,"minecraft:zombie":1},"minecraft:used":{"minecraft:rose_bush":1,"minecraft:stone_sword":146,"minecraft:spruce_planks":21,"minecraft:shield":52,"minecraft:iron_sword":400,"minecraft:cooked_salmon":2,"minecraft:cooked_chicken":9,"minecraft:rotten_flesh":10,"minecraft:iron_chestplate":1,"minecraft:torch":302,"minecraft:dirt":29,"minecraft:mutton":16,"minecraft:wooden_axe":20,"minecraft:bricks":1,"minecraft:iron_axe":10,"minecraft:smooth_sandstone":1,"minecraft:iron_boots":2,"minecraft:beef":5,"minecraft:dark_oak_boat":2,"minecraft:hay_block":13,"minecraft:furnace":28,"minecraft:oak_sapling":6,"minecraft:egg":5,"minecraft:acacia_planks":7,"minecraft:cooked_beef":29,"minecraft:cobbled_deepslate":14,"minecraft:golden_axe":18,"minecraft:iron_leggings":1,"minecraft:cooked_mutton":14,"minecraft:acacia_boat":1,"minecraft:water_bucket":42,"minecraft:stone_pickaxe":408,"minecraft:oak_planks":9,"minecraft:wooden_pickaxe":87,"minecraft:salmon":3,"minecraft:white_wool":10,"minecraft:crafting_table":20,"minecraft:white_bed":10,"minecraft:shears":32,"minecraft:oak_log":11,"minecraft:chicken":2,"minecraft:iron_pickaxe":754,"travelersbackpack:white_sleeping_bag":2,"minecraft:stone_axe":93,"minecraft:diamond_sword":196,"minecraft:wooden_sword":5,"minecraft:cobblestone":136,"travelersbackpack:standard":1,"minecraft:porkchop":8,"minecraft:cooked_porkchop":52,"minecraft:bucket":45,"minecraft:andesite":4,"minecraft:golden_pickaxe":32,"minecraft:cobweb":10},"minecraft:dropped":{"minecraft:bread":64,"minecraft:iron_ingot":1,"minecraft:acacia_wood":1,"minecraft:shelter_pottery_sherd":1,"minecraft:wheat_seeds":7,"minecraft:glow_ink_sac":4,"minecraft:orange_tulip":13,"minecraft:feather":4,"minecraft:cobblestone":1,"minecraft:dark_oak_button":3,"minecraft:dirt":12,"minecraft:black_candle":1,"minecraft:rose_bush":1,"minecraft:bone_meal":1,"minecraft:amethyst_shard":4,"minecraft:iron_pickaxe":1,"minecraft:string":5,"minecraft:smooth_sandstone":4,"minecraft:white_wool":3,"minecraft:bone":13,"minecraft:dandelion":3,"minecraft:gravel":1,"minecraft:bricks":1,"minecraft:stone_axe":1,"minecraft:blackstone":12,"minecraft:stone_sword":1,"minecraft:golden_chestplate":1,"minecraft:wheat":2,"minecraft:tuff":5,"minecraft:rotten_flesh":17,"minecraft:clay_ball":18,"minecraft:damaged_anvil":1,"minecraft:cooked_mutton":7,"minecraft:salmon":3,"minecraft:carrot":3,"minecraft:shield":2,"minecraft:gunpowder":1,"minecraft:spruce_planks":1,"minecraft:andesite":16,"minecraft:chest":1,"minecraft:spider_eye":2,"minecraft:red_tulip":1,"minecraft:stone_pickaxe":2,"minecraft:bow":2,"minecraft:arrow":7,"minecraft:wooden_pickaxe":2,"minecraft:raw_gold":5,"minecraft:black_wool":1,"minecraft:egg":3,"minecraft:terracotta":2},"minecraft:custom":{"minecraft:interact_with_smithing_table":2,"minecraft:mob_kills":284,"minecraft:interact_with_crafting_table":113,"minecraft:open_barrel":13,"minecraft:interact_with_campfire":1,"minecraft:bell_ring":1,"minecraft:eat_cake_slice":1,"minecraft:leave_game":7,"minecraft:time_since_death":100494,"minecraft:climb_one_cm":80211,"minecraft:sprint_one_cm":1782978,"minecraft:walk_one_cm":1101467,"minecraft:damage_blocked_by_shield":1920,"minecraft:drop":76,"minecraft:talked_to_villager":33,"minecraft:play_time":591444,"minecraft:sneak_time":29252,"minecraft:deaths":21,"minecraft:walk_under_water_one_cm":99375,"minecraft:boat_one_cm":209452,"minecraft:jump":15052,"minecraft:interact_with_blast_furnace":9,"minecraft:walk_on_water_one_cm":144142,"minecraft:total_world_time":591444,"minecraft:interact_with_furnace":217,"minecraft:sleep_in_bed":19,"minecraft:time_since_rest":7963,"minecraft:waystone_activated":1,"minecraft:damage_taken":11455,"minecraft:damage_dealt":38746,"minecraft:swim_one_cm":273558,"minecraft:fly_one_cm":3516040,"minecraft:open_chest":187,"minecraft:crouch_one_cm":62414,"minecraft:interact_with_smoker":1,"minecraft:fall_one_cm":325279},"minecraft:mined":{"minecraft:blue_carpet":1,"minecraft:white_bed":9,"minecraft:tuff":6,"minecraft:spruce_planks":1,"minecraft:mossy_cobblestone":14,"minecraft:dark_oak_leaves":5,"minecraft:deepslate_diamond_ore":24,"minecraft:dark_oak_log":7,"minecraft:acacia_log":4,"minecraft:grass_block":17,"minecraft:decorated_pot":1,"travelersbackpack:white_sleeping_bag":2,"minecraft:red_stained_glass_pane":3,"minecraft:large_fern":5,"minecraft:hay_block":19,"minecraft:tall_seagrass":2,"minecraft:furnace":24,"minecraft:iron_ore":170,"minecraft:fire":4,"minecraft:cobbled_deepslate":4,"minecraft:andesite":137,"minecraft:deepslate_lapis_ore":2,"minecraft:vine":2,"minecraft:deepslate_iron_ore":28,"minecraft:pink_tulip":1,"minecraft:azalea_leaves":1,"minecraft:stone":297,"minecraft:white_wool":1,"minecraft:podzol":1,"minecraft:cyan_terracotta":3,"minecraft:blackstone":6,"minecraft:medium_amethyst_bud":1,"minecraft:amethyst_cluster":1,"minecraft:crafting_table":17,"minecraft:smooth_sandstone":7,"minecraft:clay":3,"minecraft:torch":35,"minecraft:emerald_ore":1,"minecraft:chest":1,"minecraft:white_stained_glass_pane":1,"minecraft:rose_bush":2,"minecraft:stone_slab":1,"minecraft:copper_ore":1,"minecraft:tall_grass":24,"minecraft:cobblestone":46,"minecraft:oak_planks":2,"minecraft:deepslate_gold_ore":18,"minecraft:bricks":4,"minecraft:damaged_anvil":1,"minecraft:wall_torch":9,"minecraft:stone_stairs":1,"minecraft:spruce_log":6,"minecraft:birch_leaves":2,"minecraft:orange_tulip":19,"minecraft:grass":60,"minecraft:coal_ore":376,"minecraft:oak_log":121,"minecraft:gravel":2,"minecraft:sand":31,"minecraft:dirt":10,"minecraft:cobweb":32,"minecraft:polished_andesite":3,"minecraft:tripwire_hook":1,"minecraft:fern":5,"minecraft:gold_ore":4,"minecraft:deepslate":62,"minecraft:oak_leaves":3},"minecraft:killed":{"minecraft:spider":14,"minecraft:skeleton":34,"minecraft:chicken":18,"minecraft:drowned":2,"minecraft:pig":33,"minecraft:zombie_villager":1,"minecraft:salmon":16,"mutantmonsters:mutant_skeleton":1,"minecraft:creeper":1,"minecraft:sheep":44,"minecraft:pillager":1,"minecraft:zombie":80,"minecraft:enderman":1,"minecraft:cow":19},"minecraft:broken":{"minecraft:stone_pickaxe":1,"minecraft:iron_sword":1,"minecraft:iron_pickaxe":1,"minecraft:golden_pickaxe":1},"minecraft:crafted":{"minecraft:wooden_sword":1,"minecraft:oak_planks":312,"minecraft:dark_oak_boat":2,"minecraft:cooked_chicken":13,"minecraft:furnace":8,"minecraft:cooked_mutton":39,"minecraft:glass":31,"travelersbackpack:white_sleeping_bag":3,"minecraft:iron_boots":2,"minecraft:iron_axe":1,"minecraft:stone_pickaxe":9,"minecraft:chest":2,"minecraft:dark_oak_planks":28,"minecraft:cooked_beef":40,"minecraft:diamond_sword":1,"minecraft:cooked_porkchop":60,"minecraft:crafting_table":9,"minecraft:spruce_planks":80,"travelersbackpack:standard":1,"travelersbackpack:backpack_tank":2,"minecraft:wooden_pickaxe":5,"minecraft:iron_helmet":3,"minecraft:iron_sword":3,"minecraft:golden_pickaxe":1,"minecraft:cooked_salmon":16,"minecraft:bucket":3,"minecraft:dark_oak_button":3,"minecraft:stone_axe":2,"minecraft:orange_dye":19,"minecraft:acacia_boat":1,"minecraft:iron_chestplate":3,"minecraft:shield":5,"minecraft:stick":180,"minecraft:iron_ingot":122,"minecraft:iron_pickaxe":6,"minecraft:wooden_axe":1,"minecraft:stone_sword":2,"minecraft:iron_leggings":3,"minecraft:white_bed":2,"minecraft:acacia_planks":16,"minecraft:torch":332,"minecraft:shears":1}},"DataVersion":3465}