{"stats":{"minecraft:custom":{"minecraft:interact_with_smithing_table":1,"minecraft:mob_kills":115,"minecraft:interact_with_crafting_table":50,"minecraft:open_barrel":4,"minecraft:bell_ring":1,"minecraft:leave_game":4,"minecraft:time_since_death":113807,"minecraft:climb_one_cm":33784,"minecraft:sprint_one_cm":779568,"minecraft:walk_one_cm":437375,"minecraft:damage_blocked_by_shield":310,"minecraft:drop":19,"minecraft:talked_to_villager":19,"minecraft:play_time":242269,"minecraft:sneak_time":5583,"minecraft:deaths":7,"minecraft:walk_under_water_one_cm":35954,"minecraft:boat_one_cm":209452,"minecraft:jump":6512,"minecraft:interact_with_blast_furnace":1,"minecraft:walk_on_water_one_cm":58654,"minecraft:total_world_time":242269,"minecraft:interact_with_furnace":84,"minecraft:sleep_in_bed":6,"minecraft:time_since_rest":5906,"minecraft:damage_taken":4348,"minecraft:damage_dealt":14933,"minecraft:swim_one_cm":131996,"minecraft:fly_one_cm":1096855,"minecraft:open_chest":104,"minecraft:crouch_one_cm":14317,"minecraft:interact_with_smoker":1,"minecraft:fall_one_cm":148665},"minecraft:dropped":{"minecraft:iron_ingot":1,"minecraft:dark_oak_button":3,"minecraft:amethyst_shard":4,"minecraft:smooth_sandstone":4,"minecraft:bone":1,"minecraft:bricks":1,"minecraft:wheat":1,"minecraft:clay_ball":18,"minecraft:damaged_anvil":1,"minecraft:carrot":1,"minecraft:spruce_planks":1,"minecraft:andesite":2,"minecraft:chest":1,"minecraft:arrow":6,"minecraft:bow":1,"minecraft:wooden_pickaxe":1,"minecraft:black_wool":1},"minecraft:killed":{"minecraft:spider":2,"minecraft:skeleton":15,"minecraft:chicken":8,"minecraft:drowned":2,"minecraft:pig":11,"minecraft:zombie_villager":1,"minecraft:salmon":3,"minecraft:sheep":20,"minecraft:pillager":1,"minecraft:zombie":29,"minecraft:enderman":1,"minecraft:cow":11},"minecraft:crafted":{"minecraft:oak_planks":60,"minecraft:dark_oak_boat":2,"minecraft:cooked_chicken":5,"minecraft:furnace":2,"minecraft:cooked_mutton":17,"minecraft:glass":19,"travelersbackpack:white_sleeping_bag":1,"minecraft:iron_boots":1,"minecraft:iron_axe":1,"minecraft:stone_pickaxe":2,"minecraft:chest":1,"minecraft:dark_oak_planks":28,"minecraft:cooked_beef":26,"minecraft:cooked_porkchop":20,"minecraft:crafting_table":3,"minecraft:spruce_planks":56,"travelersbackpack:standard":1,"travelersbackpack:backpack_tank":2,"minecraft:wooden_pickaxe":1,"minecraft:iron_helmet":1,"minecraft:iron_sword":2,"minecraft:bucket":1,"minecraft:dark_oak_button":3,"minecraft:orange_dye":19,"minecraft:acacia_boat":1,"minecraft:iron_chestplate":1,"minecraft:shield":2,"minecraft:stick":56,"minecraft:iron_ingot":67,"minecraft:iron_pickaxe":3,"minecraft:stone_sword":1,"minecraft:iron_leggings":1,"minecraft:white_bed":1,"minecraft:acacia_planks":16,"minecraft:torch":68},"minecraft:broken":{"minecraft:iron_sword":1},"minecraft:picked_up":{"minecraft:crafting_table":12,"minecraft:wheat":1,"minecraft:chicken":15,"minecraft:clay_ball":12,"minecraft:wooden_pickaxe":1,"minecraft:shield":1,"minecraft:string":3,"minecraft:iron_leggings":2,"minecraft:gold_nugget":5,"minecraft:bucket":1,"minecraft:spruce_planks":107,"minecraft:beef":75,"minecraft:iron_pickaxe":7,"minecraft:chest":1,"minecraft:birch_sapling":1,"minecraft:furnace":23,"minecraft:iron_boots":6,"minecraft:egg":13,"minecraft:stick":40,"minecraft:raw_iron":125,"minecraft:copper_ingot":1,"minecraft:torch":35,"minecraft:acacia_log":4,"minecraft:porkchop":36,"minecraft:carrot":2,"minecraft:dark_oak_planks":3,"minecraft:stone_sword":1,"minecraft:arrow":49,"minecraft:rotten_flesh":43,"minecraft:hay_block":103,"minecraft:mutton":28,"minecraft:white_wool":73,"minecraft:cobblestone":74,"minecraft:dark_oak_button":6,"minecraft:feather":12,"minecraft:cooked_beef":42,"minecraft:glow_ink_sac":2,"minecraft:tripwire_hook":1,"minecraft:andesite":3,"minecraft:salmon":8,"minecraft:leather":13,"minecraft:oak_log":15,"minecraft:dirt":26,"minecraft:smooth_sandstone":5,"minecraft:bone":32,"minecraft:acacia_planks":14,"minecraft:orange_tulip":19,"minecraft:bow":2,"minecraft:wheat_seeds":10,"minecraft:raw_gold":1,"minecraft:iron_ingot":8,"minecraft:stone_pickaxe":2,"minecraft:iron_sword":5,"minecraft:oak_planks":222,"minecraft:cooked_porkchop":9,"minecraft:sand":23,"minecraft:amethyst_shard":4,"minecraft:spruce_log":34,"minecraft:grass_block":1,"minecraft:spider_eye":1,"minecraft:dark_oak_log":10,"travelersbackpack:white_sleeping_bag":2,"minecraft:iron_helmet":5,"minecraft:gray_wool":1,"minecraft:emerald":46,"minecraft:bricks":2,"minecraft:black_wool":1,"minecraft:damaged_anvil":1,"minecraft:coal":671,"minecraft:oak_leaves":6},"minecraft:used":{"minecraft:stone_sword":19,"minecraft:spruce_planks":21,"minecraft:shield":9,"minecraft:iron_sword":291,"minecraft:cooked_chicken":5,"minecraft:iron_chestplate":1,"minecraft:torch":16,"minecraft:dirt":17,"minecraft:mutton":16,"minecraft:bricks":1,"minecraft:iron_axe":3,"minecraft:smooth_sandstone":1,"minecraft:iron_boots":2,"minecraft:beef":4,"minecraft:dark_oak_boat":2,"minecraft:hay_block":13,"minecraft:furnace":14,"minecraft:egg":1,"minecraft:cooked_beef":25,"minecraft:acacia_planks":7,"minecraft:iron_leggings":1,"minecraft:cooked_mutton":4,"minecraft:acacia_boat":1,"minecraft:water_bucket":18,"minecraft:stone_pickaxe":90,"minecraft:wooden_pickaxe":12,"minecraft:white_wool":10,"minecraft:crafting_table":9,"minecraft:white_bed":1,"minecraft:chicken":2,"travelersbackpack:white_sleeping_bag":2,"minecraft:iron_pickaxe":171,"minecraft:cobblestone":9,"travelersbackpack:standard":1,"minecraft:porkchop":8,"minecraft:cooked_porkchop":10,"minecraft:bucket":18},"minecraft:killed_by":{"minecraft:creeper":2,"minecraft:zombie":1},"minecraft:mined":{"minecraft:blue_carpet":1,"minecraft:spruce_planks":1,"minecraft:mossy_cobblestone":14,"minecraft:dark_oak_leaves":5,"minecraft:dark_oak_log":7,"minecraft:acacia_log":4,"minecraft:grass_block":17,"travelersbackpack:white_sleeping_bag":2,"minecraft:red_stained_glass_pane":3,"minecraft:large_fern":2,"minecraft:hay_block":19,"minecraft:tall_seagrass":2,"minecraft:furnace":12,"minecraft:iron_ore":67,"minecraft:fire":1,"minecraft:andesite":3,"minecraft:deepslate_iron_ore":1,"minecraft:pink_tulip":1,"minecraft:azalea_leaves":1,"minecraft:stone":51,"minecraft:white_wool":1,"minecraft:cyan_terracotta":3,"minecraft:medium_amethyst_bud":1,"minecraft:amethyst_cluster":1,"minecraft:clay":3,"minecraft:smooth_sandstone":7,"minecraft:crafting_table":7,"minecraft:chest":1,"minecraft:white_stained_glass_pane":1,"minecraft:stone_slab":1,"minecraft:cobblestone":2,"minecraft:tall_grass":8,"minecraft:copper_ore":1,"minecraft:bricks":4,"minecraft:damaged_anvil":1,"minecraft:wall_torch":1,"minecraft:orange_tulip":19,"minecraft:grass":24,"minecraft:oak_log":16,"minecraft:coal_ore":101,"minecraft:sand":19,"minecraft:dirt":3,"minecraft:tripwire_hook":1,"minecraft:gold_ore":1,"minecraft:fern":5,"minecraft:oak_leaves":2}},"DataVersion":3465}