{"stats":{"minecraft:crafted":{"minecraft:cooked_beef":16,"minecraft:oak_planks":60,"minecraft:cooked_porkchop":5,"minecraft:dark_oak_boat":2,"minecraft:crafting_table":3,"minecraft:wooden_pickaxe":1,"minecraft:cooked_chicken":5,"minecraft:iron_helmet":1,"minecraft:iron_sword":1,"minecraft:furnace":2,"minecraft:cooked_mutton":10,"minecraft:acacia_boat":1,"minecraft:iron_boots":1,"minecraft:stick":32,"minecraft:iron_ingot":25,"minecraft:iron_pickaxe":2,"minecraft:stone_pickaxe":2,"minecraft:stone_sword":1,"minecraft:iron_leggings":1,"minecraft:acacia_planks":16,"minecraft:dark_oak_planks":28},"minecraft:killed":{"minecraft:pig":10,"minecraft:salmon":3,"minecraft:spider":1,"minecraft:sheep":14,"minecraft:skeleton":4,"minecraft:zombie":15,"minecraft:chicken":6,"minecraft:drowned":2,"minecraft:enderman":1,"minecraft:cow":8},"minecraft:picked_up":{"minecraft:crafting_table":5,"minecraft:feather":7,"minecraft:chicken":10,"minecraft:salmon":2,"minecraft:leather":10,"minecraft:wooden_pickaxe":1,"minecraft:oak_log":15,"minecraft:dirt":4,"minecraft:iron_leggings":2,"minecraft:bone":16,"minecraft:acacia_planks":7,"minecraft:wheat_seeds":2,"minecraft:gold_nugget":2,"minecraft:beef":60,"minecraft:stone_pickaxe":2,"minecraft:iron_pickaxe":4,"minecraft:oak_planks":148,"minecraft:iron_sword":2,"minecraft:egg":7,"minecraft:iron_boots":3,"minecraft:furnace":13,"minecraft:stick":25,"minecraft:raw_iron":50,"minecraft:cooked_porkchop":4,"minecraft:copper_ingot":1,"minecraft:acacia_log":4,"minecraft:porkchop":26,"minecraft:sand":2,"minecraft:grass_block":1,"minecraft:spruce_log":20,"minecraft:dark_oak_log":9,"minecraft:stone_sword":1,"minecraft:arrow":16,"minecraft:rotten_flesh":9,"minecraft:hay_block":64,"minecraft:iron_helmet":2,"minecraft:gray_wool":1,"minecraft:emerald":16,"minecraft:mutton":20,"minecraft:coal":340,"minecraft:white_wool":19,"minecraft:cobblestone":53},"minecraft:killed_by":{"minecraft:creeper":2,"minecraft:zombie":1},"minecraft:custom":{"minecraft:interact_with_furnace":43,"minecraft:mob_kills":64,"minecraft:interact_with_crafting_table":16,"minecraft:bell_ring":1,"minecraft:leave_game":2,"minecraft:time_since_death":8127,"minecraft:climb_one_cm":19045,"minecraft:time_since_rest":8319,"minecraft:sprint_one_cm":365899,"minecraft:damage_taken":1829,"minecraft:walk_one_cm":154361,"minecraft:drop":1,"minecraft:damage_dealt":7945,"minecraft:talked_to_villager":1,"minecraft:swim_one_cm":89183,"minecraft:fly_one_cm":584718,"minecraft:open_chest":13,"minecraft:crouch_one_cm":4875,"minecraft:play_time":103407,"minecraft:deaths":5,"minecraft:sneak_time":1616,"minecraft:walk_under_water_one_cm":11658,"minecraft:boat_one_cm":209452,"minecraft:jump":3262,"minecraft:walk_on_water_one_cm":27107,"minecraft:total_world_time":103407,"minecraft:interact_with_smoker":1,"minecraft:fall_one_cm":69288},"minecraft:dropped":{"minecraft:wooden_pickaxe":1},"minecraft:used":{"minecraft:cooked_mutton":4,"minecraft:acacia_boat":1,"minecraft:stone_sword":19,"minecraft:stone_pickaxe":90,"minecraft:wooden_pickaxe":12,"minecraft:iron_sword":130,"minecraft:cooked_chicken":5,"minecraft:white_wool":1,"minecraft:mutton":9,"minecraft:crafting_table":4,"minecraft:iron_pickaxe":85,"minecraft:iron_boots":2,"minecraft:cobblestone":9,"minecraft:beef":2,"minecraft:dark_oak_boat":2,"minecraft:furnace":8,"minecraft:cooked_porkchop":6,"minecraft:porkchop":8,"minecraft:egg":1,"minecraft:cooked_beef":2,"minecraft:iron_leggings":1},"minecraft:mined":{"minecraft:blue_carpet":1,"minecraft:cyan_terracotta":3,"minecraft:mossy_cobblestone":14,"minecraft:dark_oak_leaves":5,"minecraft:dark_oak_log":7,"minecraft:crafting_table":3,"minecraft:acacia_log":4,"minecraft:grass_block":1,"minecraft:stone_slab":1,"minecraft:copper_ore":1,"minecraft:cobblestone":2,"minecraft:large_fern":1,"minecraft:hay_block":16,"minecraft:tall_seagrass":2,"minecraft:furnace":8,"minecraft:iron_ore":38,"minecraft:fire":1,"minecraft:grass":13,"minecraft:coal_ore":80,"minecraft:oak_log":16,"minecraft:pink_tulip":1,"minecraft:azalea_leaves":1,"minecraft:stone":39,"minecraft:white_wool":1,"minecraft:oak_leaves":2,"minecraft:fern":2}},"DataVersion":3465}