{"stats":{"minecraft:mined":{"minecraft:dark_oak_leaves":1,"minecraft:dark_oak_log":56},"minecraft:crafted":{"minecraft:chest":1,"minecraft:dark_oak_planks":224,"minecraft:crafting_table":2,"minecraft:stick":12},"minecraft:picked_up":{"minecraft:dark_oak_log":56},"minecraft:used":{"minecraft:golden_apple":1,"minecraft:beef":3,"minecraft:crafting_table":1,"minecraft:cooked_cod":1,"minecraft:suspicious_stew":1,"minecraft:chest":1},"minecraft:custom":{"minecraft:open_barrel":1,"minecraft:time_since_rest":7356,"minecraft:open_chest":14,"minecraft:crouch_one_cm":1,"minecraft:interact_with_furnace":1,"minecraft:play_time":21671,"minecraft:sprint_one_cm":33008,"minecraft:deaths":3,"minecraft:damage_taken":650,"minecraft:walk_one_cm":28622,"minecraft:sneak_time":90,"minecraft:interact_with_lectern":1,"minecraft:jump":71,"minecraft:leave_game":5,"minecraft:time_since_death":7331,"minecraft:climb_one_cm":556,"minecraft:total_world_time":21671,"minecraft:interact_with_crafting_table":3,"minecraft:fall_one_cm":1363,"minecraft:fly_one_cm":11605}},"DataVersion":3465}