{"stats":{"minecraft:picked_up":{"minecraft:wooden_axe":2,"minecraft:iron_chestplate":11,"minecraft:wheat":6,"travelersbackpack:bat":1,"minecraft:chainmail_boots":1,"minecraft:anvil":5,"minecraft:diamond_sword":13,"minecraft:enchanted_book":8,"minecraft:potion":3,"minecraft:crimson_planks":2,"minecraft:string":16,"minecraft:cooked_salmon":57,"minecraft:iron_leggings":13,"minecraft:purple_banner":1,"minecraft:beetroot":291,"minecraft:bucket":1,"minecraft:spruce_planks":165,"minecraft:white_tulip":14,"minecraft:rose_bush":4,"minecraft:ender_eye":17,"minecraft:iron_pickaxe":22,"minecraft:iron_boots":11,"minecraft:furnace":9,"minecraft:stick":122,"minecraft:torch":287,"minecraft:brick_wall":11,"minecraft:spruce_stairs":1,"minecraft:porkchop":18,"minecraft:honey_bottle":49,"minecraft:rotten_flesh":94,"minecraft:iron_block":1,"mutantmonsters:mutant_skeleton_shoulder_pad":1,"minecraft:obsidian":7,"minecraft:snowball":312,"minecraft:cobblestone":138,"minecraft:nautilus_shell":4,"minecraft:birch_log":11,"minecraft:leather_chestplate":2,"minecraft:cooked_beef":20,"minecraft:lilac":3,"minecraft:water_bucket":7,"minecraft:andesite":2,"minecraft:dark_oak_boat":3,"minecraft:potato":47,"minecraft:flint":15,"minecraft:dirt":49,"minecraft:lapis_lazuli":157,"minecraft:lantern":1,"minecraft:glass":2,"minecraft:bone":174,"minecraft:bow":10,"minecraft:wheat_seeds":2,"minecraft:powered_rail":1,"minecraft:cooked_porkchop":38,"travelersbackpack:squid":10,"minecraft:jungle_planks":7,"minecraft:sand":28,"minecraft:ink_sac":10,"minecraft:jungle_slab":4,"minecraft:dark_oak_log":89,"travelersbackpack:white_sleeping_bag":1,"minecraft:sugar":8,"minecraft:diamond":20,"minecraft:spruce_boat":17,"minecraft:granite":2,"minecraft:bone_meal":39,"minecraft:golden_apple":10,"minecraft:chainmail_helmet":2,"minecraft:spruce_sign":1,"minecraft:bread":784,"minecraft:emerald":76,"minecraft:oak_sapling":2,"minecraft:bricks":13,"minecraft:diamond_pickaxe":1,"minecraft:coarse_dirt":2,"minecraft:crafting_table":15,"minecraft:chicken":1,"minecraft:ladder":4,"minecraft:brown_mushroom":2,"minecraft:wooden_pickaxe":3,"minecraft:gold_block":1,"minecraft:shield":14,"minecraft:red_bed":13,"minecraft:moss_carpet":1,"minecraft:iron_axe":11,"minecraft:flint_and_steel":7,"minecraft:quartz_slab":2,"minecraft:iron_shovel":2,"minecraft:beef":46,"minecraft:poppy":1,"minecraft:spruce_slab":1,"minecraft:light_gray_wool":1,"minecraft:spruce_trapdoor":6,"minecraft:egg":1,"minecraft:raw_iron":53,"minecraft:bowl":6,"minecraft:spruce_fence":5,"minecraft:purple_terracotta":1,"minecraft:dark_oak_planks":680,"minecraft:tnt":18,"minecraft:arrow":459,"minecraft:cooked_cod":1,"minecraft:beetroot_seeds":932,"minecraft:hay_block":52,"mutantmonsters:mutant_skeleton_rib":4,"minecraft:saddle":8,"minecraft:gold_ingot":222,"minecraft:mutton":19,"minecraft:rail":1,"minecraft:white_wool":85,"minecraft:golden_carrot":2,"minecraft:glow_ink_sac":6,"minecraft:salmon":41,"minecraft:leather":34,"minecraft:jungle_fence":1,"minecraft:acacia_wood":1,"minecraft:red_mushroom":3,"minecraft:filled_map":16,"minecraft:birch_planks":40,"minecraft:oak_log":1,"minecraft:gunpowder":20,"mutantmonsters:mutant_skeleton_limb":5,"minecraft:cooked_mutton":10,"minecraft:apple":153,"minecraft:kelp":3,"minecraft:iron_ingot":594,"minecraft:stone_pickaxe":1,"minecraft:cooked_chicken":1,"minecraft:iron_ore":11,"minecraft:glass_bottle":9,"minecraft:iron_sword":6,"minecraft:dark_oak_stairs":10,"minecraft:book":591,"minecraft:black_candle":1,"minecraft:dandelion":2,"minecraft:gravel":2,"minecraft:spruce_sapling":2,"minecraft:spruce_log":35,"minecraft:gold_ore":13,"minecraft:spider_eye":5,"travelersbackpack:standard":2,"minecraft:slime_ball":21,"minecraft:iron_helmet":11,"minecraft:terracotta":8,"minecraft:baked_potato":235,"minecraft:damaged_anvil":2,"minecraft:black_wool":1,"minecraft:coal":617,"minecraft:ender_pearl":16},"minecraft:killed_by":{"minecraft:piglin_brute":8,"minecraft:creeper":1,"minecraft:pillager":1,"minecraft:vindicator":1,"minecraft:piglin":3,"minecraft:skeleton":5},"minecraft:used":{"minecraft:moss_carpet":1,"minecraft:iron_shovel":103,"minecraft:chest":6,"minecraft:shield":47,"minecraft:iron_sword":205,"minecraft:rotten_flesh":3,"minecraft:iron_chestplate":3,"minecraft:mutton":2,"minecraft:snowball":57,"minecraft:honey_bottle":12,"minecraft:spruce_boat":8,"minecraft:bricks":2,"minecraft:lantern":1,"minecraft:iron_helmet":4,"minecraft:bow":36,"minecraft:dark_oak_boat":4,"minecraft:sweet_berries":4,"minecraft:furnace":5,"minecraft:cooked_cod":2,"minecraft:beetroot_seeds":92,"minecraft:egg":1,"minecraft:potato":40,"minecraft:damaged_anvil":2,"minecraft:ender_pearl":11,"minecraft:leather_chestplate":2,"minecraft:wooden_pickaxe":25,"minecraft:white_wool":1,"minecraft:golden_apple":7,"minecraft:bread":396,"aquamirae:cooked_spinefish":1,"minecraft:diamond_sword":516,"minecraft:andesite":2,"minecraft:experience_bottle":27,"minecraft:flint_and_steel":11,"minecraft:spruce_planks":70,"travelersbackpack:bat":1,"minecraft:cooked_salmon":2,"minecraft:cooked_chicken":1,"minecraft:torch":178,"minecraft:dirt":20,"minecraft:anvil":2,"minecraft:purple_banner":1,"minecraft:dark_oak_planks":103,"minecraft:wooden_axe":33,"minecraft:iron_block":1,"minecraft:iron_axe":162,"travelersbackpack:squid":5,"minecraft:iron_boots":2,"minecraft:beef":3,"minecraft:goat_horn":1,"minecraft:cooked_beef":20,"minecraft:acacia_planks":4,"minecraft:powder_snow_bucket":1,"minecraft:iron_leggings":3,"minecraft:cooked_mutton":12,"minecraft:water_bucket":5,"minecraft:snow_block":30,"minecraft:birch_planks":19,"minecraft:baked_potato":31,"minecraft:brown_mushroom":1,"minecraft:spruce_sign":1,"minecraft:terracotta":1,"minecraft:tnt":8,"minecraft:crafting_table":12,"minecraft:red_bed":6,"minecraft:diamond_pickaxe":11,"minecraft:apple":2,"minecraft:suspicious_stew":1,"minecraft:iron_pickaxe":258,"travelersbackpack:white_sleeping_bag":1,"minecraft:cobblestone":13,"travelersbackpack:standard":3,"minecraft:cooked_porkchop":28,"minecraft:bucket":13,"minecraft:black_candle":1},"minecraft:dropped":{"minecraft:iron_sword":2,"minecraft:dark_oak_stairs":2,"minecraft:brown_mushroom":1,"minecraft:birch_planks":1,"minecraft:jungle_fence":1,"minecraft:leather":1,"minecraft:jungle_planks":3,"minecraft:snowball":32,"minecraft:sand":2,"minecraft:iron_pickaxe":1,"minecraft:white_wool":19,"minecraft:gold_ingot":1,"minecraft:bone":34,"minecraft:gravel":1,"minecraft:beetroot":43,"minecraft:rotten_flesh":28,"minecraft:gunpowder":3,"minecraft:beetroot_seeds":115,"minecraft:spruce_slab":1,"minecraft:iron_ore":11,"minecraft:bread":64,"minecraft:water_bucket":2,"minecraft:iron_ingot":55,"minecraft:purple_terracotta":1,"minecraft:wheat_seeds":2,"travelersbackpack:squid":1,"minecraft:iron_helmet":2,"minecraft:stick":8,"minecraft:ink_sac":1,"minecraft:cooked_salmon":25,"minecraft:iron_axe":1,"minecraft:iron_shovel":1,"minecraft:string":4,"minecraft:spruce_sapling":2,"minecraft:brick_wall":2,"minecraft:kelp":1,"minecraft:coarse_dirt":1,"minecraft:raw_iron":2,"minecraft:filled_map":1,"minecraft:potato":2,"minecraft:spruce_planks":24,"minecraft:spider_eye":2,"minecraft:wooden_pickaxe":1,"minecraft:nautilus_shell":1,"minecraft:quartz_slab":2},"minecraft:custom":{"minecraft:interact_with_crafting_table":83,"minecraft:open_barrel":144,"minecraft:leave_game":13,"minecraft:time_since_death":8615,"minecraft:sprint_one_cm":1278113,"minecraft:damage_blocked_by_shield":1600,"minecraft:drop":63,"minecraft:play_noteblock":4,"minecraft:play_time":540464,"minecraft:deaths":35,"minecraft:jump":8279,"minecraft:walk_on_water_one_cm":171112,"minecraft:interact_with_furnace":52,"minecraft:sleep_in_bed":4,"minecraft:waystone_activated":4,"minecraft:damage_dealt":51110,"minecraft:crouch_one_cm":5727,"minecraft:interact_with_smithing_table":2,"minecraft:mob_kills":252,"minecraft:interact_with_anvil":7,"minecraft:interact_with_campfire":6,"minecraft:climb_one_cm":26908,"minecraft:walk_one_cm":1228504,"minecraft:sneak_time":6221,"minecraft:walk_under_water_one_cm":107983,"minecraft:boat_one_cm":374922,"minecraft:interact_with_lectern":1,"minecraft:total_world_time":540464,"minecraft:time_since_rest":9047,"minecraft:damage_taken":25198,"minecraft:damage_absorbed":279,"minecraft:swim_one_cm":333320,"minecraft:fly_one_cm":1580929,"minecraft:open_chest":187,"minecraft:fall_one_cm":240088},"minecraft:mined":{"minecraft:dark_oak_planks":15,"minecraft:spruce_planks":31,"minecraft:jungle_slab":3,"minecraft:cave_vines_plant":1,"minecraft:grass_block":2,"minecraft:spawner":34,"minecraft:iron_ore":21,"minecraft:fire":10,"minecraft:moss_carpet":2,"minecraft:anvil":3,"minecraft:dark_oak_stairs":1,"minecraft:quartz_slab":1,"minecraft:iron_block":1,"minecraft:spruce_slab":1,"minecraft:red_bed":6,"minecraft:powder_snow":12,"minecraft:mushroom_stem":9,"minecraft:cobblestone":1,"minecraft:damaged_anvil":2,"minecraft:wall_torch":1,"minecraft:dark_oak_slab":2,"minecraft:birch_log":6,"minecraft:lilac":1,"minecraft:tnt":1,"minecraft:grass":25,"minecraft:beetroots":119,"minecraft:sand":28,"minecraft:dirt":8,"minecraft:crimson_planks":2,"minecraft:oak_leaves":1,"minecraft:light_blue_stained_glass_pane":1,"minecraft:dark_oak_leaves":1,"minecraft:dark_oak_log":56,"minecraft:purple_terracotta":1,"minecraft:jungle_planks":7,"travelersbackpack:white_sleeping_bag":1,"minecraft:spruce_leaves":4,"minecraft:moss_block":1,"minecraft:hay_block":37,"minecraft:furnace":4,"minecraft:snow":12,"minecraft:acacia_wood":2,"minecraft:andesite":2,"minecraft:gold_block":1,"minecraft:bookshelf":19,"minecraft:potatoes":7,"minecraft:lantern":1,"minecraft:stone":56,"minecraft:snow_block":62,"travelersbackpack:standard":2,"minecraft:crafting_table":6,"minecraft:rose_bush":1,"minecraft:tall_grass":4,"minecraft:spruce_stairs":2,"travelersbackpack:squid":10,"minecraft:spruce_log":29,"minecraft:birch_leaves":4,"minecraft:coal_ore":150,"minecraft:gravel":1,"minecraft:terracotta":3},"minecraft:killed":{"minecraft:witch":1,"minecraft:spider":8,"minecraft:skeleton":91,"minecraft:piglin_brute":4,"minecraft:piglin":7,"minecraft:pig":8,"minecraft:zombie_villager":1,"mutantmonsters:mutant_skeleton":1,"minecraft:creeper":14,"minecraft:sheep":13,"minecraft:pillager":31,"minecraft:zombie":21,"minecraft:cow":17,"minecraft:vindicator":20,"minecraft:phantom":1,"minecraft:drowned":4},"minecraft:broken":{"minecraft:iron_chestplate":1,"minecraft:wooden_axe":1,"minecraft:iron_helmet":1},"minecraft:crafted":{"minecraft:oak_planks":4,"minecraft:dark_oak_boat":1,"minecraft:cooked_mutton":12,"minecraft:glass":24,"minecraft:iron_boots":2,"minecraft:chest":8,"minecraft:cooked_porkchop":18,"minecraft:crafting_table":9,"minecraft:spruce_planks":116,"minecraft:baked_potato":43,"minecraft:wooden_pickaxe":1,"minecraft:iron_helmet":1,"travelersbackpack:standard":2,"minecraft:smithing_table":1,"minecraft:birch_planks":44,"minecraft:iron_chestplate":1,"minecraft:shield":2,"minecraft:stick":96,"minecraft:iron_ingot":86,"minecraft:iron_pickaxe":2,"minecraft:iron_block":52,"minecraft:snow_block":45,"minecraft:gold_ingot":9,"minecraft:furnace":1,"minecraft:bone_meal":28,"travelersbackpack:white_sleeping_bag":2,"minecraft:iron_axe":3,"minecraft:spruce_boat":1,"minecraft:dark_oak_planks":344,"minecraft:wheat":90,"minecraft:cooked_beef":23,"travelersbackpack:backpack_tank":4,"minecraft:cooked_salmon":25,"minecraft:bucket":3,"minecraft:bread":32,"minecraft:air":0,"travelersbackpack:squid":2,"minecraft:golden_apple":7,"minecraft:wooden_axe":1,"minecraft:iron_shovel":1,"minecraft:iron_leggings":2,"minecraft:anvil":1,"minecraft:acacia_planks":4,"minecraft:torch":212}},"DataVersion":3465}