{"stats":{"minecraft:crafted":{"minecraft:cooked_beef":17,"minecraft:cooked_porkchop":18,"minecraft:crafting_table":3,"minecraft:wooden_pickaxe":1,"minecraft:bone_meal":1,"minecraft:birch_planks":36,"minecraft:cooked_mutton":5,"minecraft:air":0,"minecraft:shield":1,"minecraft:iron_axe":1,"minecraft:stick":36,"minecraft:iron_ingot":14,"minecraft:iron_pickaxe":1,"minecraft:wooden_axe":1,"minecraft:chest":2,"minecraft:gold_ingot":9,"minecraft:dark_oak_planks":224,"minecraft:torch":32},"minecraft:killed":{"minecraft:piglin":6,"minecraft:pig":8,"minecraft:zombie_villager":1,"minecraft:spider":2,"minecraft:sheep":5,"minecraft:skeleton":5,"minecraft:piglin_brute":4,"minecraft:cow":9},"minecraft:picked_up":{"minecraft:wooden_axe":2,"minecraft:birch_log":9,"minecraft:crafting_table":1,"minecraft:leather_chestplate":1,"minecraft:cooked_beef":17,"minecraft:andesite":2,"minecraft:leather":22,"minecraft:brown_mushroom":2,"minecraft:diamond_sword":2,"minecraft:wooden_pickaxe":3,"minecraft:potato":10,"minecraft:filled_map":1,"minecraft:birch_planks":40,"minecraft:gold_block":1,"minecraft:enchanted_book":2,"minecraft:shield":2,"minecraft:moss_carpet":1,"minecraft:string":6,"minecraft:dirt":20,"minecraft:red_bed":4,"minecraft:iron_leggings":2,"minecraft:cooked_mutton":5,"minecraft:bone":18,"minecraft:apple":9,"minecraft:beetroot":248,"minecraft:bow":2,"minecraft:iron_ingot":55,"minecraft:beef":24,"minecraft:light_gray_wool":1,"minecraft:iron_pickaxe":5,"minecraft:iron_boots":1,"minecraft:furnace":4,"minecraft:egg":1,"minecraft:raw_iron":28,"minecraft:stick":16,"minecraft:cooked_porkchop":35,"minecraft:torch":62,"minecraft:bowl":6,"minecraft:porkchop":18,"minecraft:dark_oak_log":56,"minecraft:spider_eye":2,"minecraft:dark_oak_planks":432,"minecraft:arrow":10,"minecraft:rotten_flesh":2,"minecraft:beetroot_seeds":932,"minecraft:chainmail_helmet":1,"minecraft:bone_meal":1,"minecraft:bread":10,"minecraft:spruce_sign":1,"minecraft:gold_ingot":99,"minecraft:black_wool":1,"minecraft:mutton":7,"minecraft:coal":138,"minecraft:white_wool":5,"minecraft:cobblestone":14},"minecraft:broken":{"minecraft:wooden_axe":1},"minecraft:killed_by":{"minecraft:piglin":3,"minecraft:piglin_brute":8},"minecraft:custom":{"minecraft:interact_with_smithing_table":2,"minecraft:interact_with_furnace":17,"minecraft:mob_kills":42,"minecraft:interact_with_crafting_table":10,"minecraft:open_barrel":5,"minecraft:interact_with_campfire":3,"minecraft:leave_game":6,"minecraft:time_since_death":11604,"minecraft:sleep_in_bed":2,"minecraft:climb_one_cm":2519,"minecraft:time_since_rest":11637,"minecraft:sprint_one_cm":384004,"minecraft:damage_absorbed":40,"minecraft:damage_taken":6218,"minecraft:walk_one_cm":285763,"minecraft:damage_blocked_by_shield":40,"minecraft:drop":7,"minecraft:damage_dealt":7506,"minecraft:swim_one_cm":95423,"minecraft:fly_one_cm":333428,"minecraft:open_chest":49,"minecraft:crouch_one_cm":868,"minecraft:play_time":122974,"minecraft:deaths":21,"minecraft:sneak_time":1523,"minecraft:walk_under_water_one_cm":20339,"minecraft:interact_with_lectern":1,"minecraft:jump":2018,"minecraft:walk_on_water_one_cm":20688,"minecraft:total_world_time":122974,"minecraft:fall_one_cm":49979},"minecraft:dropped":{"minecraft:brown_mushroom":1,"minecraft:rotten_flesh":1,"minecraft:stick":8,"minecraft:beetroot_seeds":115,"minecraft:spider_eye":1,"minecraft:wooden_pickaxe":1},"minecraft:used":{"minecraft:moss_carpet":1,"minecraft:leather_chestplate":1,"minecraft:shield":1,"minecraft:chest":2,"minecraft:wooden_pickaxe":25,"minecraft:brown_mushroom":1,"minecraft:spruce_sign":1,"minecraft:white_wool":1,"minecraft:torch":3,"minecraft:golden_apple":1,"minecraft:dirt":20,"minecraft:mutton":2,"minecraft:crafting_table":2,"minecraft:red_bed":1,"minecraft:wooden_axe":33,"minecraft:iron_axe":21,"minecraft:bread":28,"minecraft:iron_pickaxe":66,"minecraft:suspicious_stew":1,"aquamirae:cooked_spinefish":1,"minecraft:diamond_sword":71,"minecraft:beef":3,"minecraft:cooked_porkchop":12,"minecraft:furnace":1,"minecraft:cooked_cod":1,"minecraft:beetroot_seeds":92,"minecraft:andesite":2,"minecraft:egg":1,"minecraft:cooked_beef":17,"minecraft:potato":40,"minecraft:iron_leggings":1},"minecraft:mined":{"minecraft:red_bed":2,"minecraft:dark_oak_leaves":1,"minecraft:dark_oak_log":56,"minecraft:crafting_table":1,"minecraft:cave_vines_plant":1,"minecraft:mushroom_stem":9,"minecraft:moss_block":1,"minecraft:spawner":3,"minecraft:furnace":2,"minecraft:birch_log":4,"minecraft:iron_ore":14,"minecraft:andesite":2,"minecraft:moss_carpet":2,"minecraft:gold_block":1,"minecraft:grass":9,"minecraft:potatoes":7,"minecraft:coal_ore":58,"minecraft:beetroots":119,"minecraft:stone":4}},"DataVersion":3465}