{"stats":{"minecraft:killed_by":{"minecraft:piglin":3,"minecraft:piglin_brute":8},"minecraft:mined":{"minecraft:dark_oak_leaves":1,"minecraft:dark_oak_log":56,"minecraft:andesite":2,"minecraft:moss_carpet":1,"minecraft:gold_block":1,"minecraft:cave_vines_plant":1,"minecraft:grass":4,"minecraft:coal_ore":16,"minecraft:beetroots":104,"minecraft:mushroom_stem":2,"minecraft:spawner":3},"minecraft:broken":{"minecraft:wooden_axe":1},"minecraft:crafted":{"minecraft:shield":1,"minecraft:iron_axe":1,"minecraft:crafting_table":3,"minecraft:stick":36,"minecraft:iron_pickaxe":1,"minecraft:wooden_axe":1,"minecraft:wooden_pickaxe":1,"minecraft:chest":2,"minecraft:dark_oak_planks":224},"minecraft:picked_up":{"minecraft:wooden_axe":2,"minecraft:cooked_beef":3,"minecraft:andesite":2,"minecraft:leather":3,"minecraft:bowl":6,"minecraft:wooden_pickaxe":2,"minecraft:gold_block":1,"minecraft:porkchop":3,"minecraft:spider_eye":1,"minecraft:dark_oak_log":56,"minecraft:dark_oak_planks":304,"minecraft:moss_carpet":1,"minecraft:beetroot":146,"minecraft:beetroot_seeds":583,"minecraft:beef":12,"minecraft:spruce_sign":1,"minecraft:coal":16},"minecraft:used":{"minecraft:wooden_axe":33,"minecraft:moss_carpet":1,"minecraft:iron_axe":7,"minecraft:iron_pickaxe":4,"minecraft:bread":5,"minecraft:suspicious_stew":1,"minecraft:leather_chestplate":1,"minecraft:chest":2,"minecraft:wooden_pickaxe":25,"minecraft:spruce_sign":1,"minecraft:golden_apple":1,"minecraft:beef":3,"minecraft:crafting_table":2,"minecraft:cooked_cod":1,"minecraft:beetroot_seeds":19,"minecraft:andesite":1,"minecraft:potato":30,"minecraft:cooked_beef":3,"minecraft:iron_leggings":1},"minecraft:custom":{"minecraft:time_since_rest":13501,"minecraft:interact_with_smithing_table":1,"minecraft:walk_one_cm":114886,"minecraft:interact_with_furnace":2,"minecraft:sprint_one_cm":97961,"minecraft:damage_taken":3274,"minecraft:damage_absorbed":40,"minecraft:mob_kills":12,"minecraft:damage_dealt":2810,"minecraft:interact_with_crafting_table":9,"minecraft:fly_one_cm":32998,"minecraft:open_barrel":5,"minecraft:open_chest":28,"minecraft:crouch_one_cm":118,"minecraft:play_time":45671,"minecraft:interact_with_campfire":3,"minecraft:deaths":15,"minecraft:sneak_time":234,"minecraft:walk_under_water_one_cm":5359,"minecraft:interact_with_lectern":1,"minecraft:jump":282,"minecraft:leave_game":5,"minecraft:time_since_death":13471,"minecraft:walk_on_water_one_cm":1068,"minecraft:sleep_in_bed":1,"minecraft:total_world_time":45671,"minecraft:climb_one_cm":1537,"minecraft:fall_one_cm":5155},"minecraft:killed":{"minecraft:piglin":5,"minecraft:pig":1,"minecraft:spider":1,"minecraft:piglin_brute":2,"minecraft:cow":3}},"DataVersion":3465}