{"stats":{"minecraft:custom":{"minecraft:interact_with_smithing_table":2,"minecraft:interact_with_anvil":2,"minecraft:mob_kills":66,"minecraft:interact_with_crafting_table":14,"minecraft:open_barrel":10,"minecraft:interact_with_campfire":3,"minecraft:leave_game":6,"minecraft:time_since_death":17021,"minecraft:climb_one_cm":2519,"minecraft:sprint_one_cm":443862,"minecraft:walk_one_cm":364211,"minecraft:damage_blocked_by_shield":1420,"minecraft:drop":8,"minecraft:play_time":152654,"minecraft:deaths":22,"minecraft:sneak_time":2154,"minecraft:walk_under_water_one_cm":27009,"minecraft:interact_with_lectern":1,"minecraft:jump":2348,"minecraft:walk_on_water_one_cm":36233,"minecraft:total_world_time":152654,"minecraft:interact_with_furnace":21,"minecraft:sleep_in_bed":2,"minecraft:time_since_rest":17062,"minecraft:damage_taken":8021,"minecraft:damage_absorbed":40,"minecraft:damage_dealt":13901,"minecraft:swim_one_cm":115982,"minecraft:fly_one_cm":380513,"minecraft:open_chest":72,"minecraft:crouch_one_cm":1246,"minecraft:fall_one_cm":53475},"minecraft:dropped":{"minecraft:brown_mushroom":1,"minecraft:birch_planks":1,"minecraft:stick":8,"minecraft:rotten_flesh":1,"minecraft:beetroot_seeds":115,"minecraft:spider_eye":1,"minecraft:wooden_pickaxe":1},"minecraft:killed":{"minecraft:spider":2,"minecraft:vindicator":1,"minecraft:skeleton":5,"minecraft:piglin_brute":4,"minecraft:piglin":6,"minecraft:pig":8,"minecraft:zombie_villager":1,"minecraft:sheep":7,"minecraft:pillager":17,"minecraft:zombie":1,"minecraft:cow":12},"minecraft:crafted":{"minecraft:bone_meal":28,"minecraft:cooked_mutton":9,"minecraft:iron_axe":1,"minecraft:chest":3,"minecraft:dark_oak_planks":248,"minecraft:wheat":9,"minecraft:cooked_beef":17,"minecraft:cooked_porkchop":18,"minecraft:crafting_table":4,"minecraft:wooden_pickaxe":1,"minecraft:birch_planks":36,"minecraft:bread":5,"minecraft:air":0,"minecraft:shield":1,"minecraft:stick":36,"minecraft:iron_ingot":21,"minecraft:iron_pickaxe":1,"minecraft:wooden_axe":1,"minecraft:gold_ingot":9,"minecraft:torch":32},"minecraft:broken":{"minecraft:wooden_axe":1},"minecraft:picked_up":{"minecraft:wooden_axe":2,"minecraft:crafting_table":1,"minecraft:wheat":6,"minecraft:brown_mushroom":2,"minecraft:diamond_sword":3,"minecraft:wooden_pickaxe":3,"minecraft:gold_block":1,"minecraft:enchanted_book":3,"minecraft:shield":3,"minecraft:red_bed":5,"minecraft:string":6,"minecraft:moss_carpet":1,"minecraft:iron_leggings":3,"minecraft:beetroot":291,"minecraft:beef":30,"minecraft:iron_pickaxe":9,"minecraft:light_gray_wool":1,"minecraft:furnace":5,"minecraft:iron_boots":2,"minecraft:egg":1,"minecraft:stick":16,"minecraft:raw_iron":40,"minecraft:torch":91,"minecraft:bowl":6,"minecraft:porkchop":18,"minecraft:dark_oak_planks":514,"minecraft:arrow":18,"minecraft:rotten_flesh":2,"minecraft:beetroot_seeds":932,"minecraft:hay_block":11,"minecraft:gold_ingot":160,"minecraft:mutton":11,"minecraft:cobblestone":49,"minecraft:white_wool":7,"minecraft:birch_log":9,"minecraft:leather_chestplate":2,"minecraft:cooked_beef":20,"minecraft:andesite":2,"minecraft:leather":31,"minecraft:potato":10,"minecraft:filled_map":3,"minecraft:birch_planks":40,"minecraft:dirt":20,"minecraft:cooked_mutton":10,"minecraft:bone":18,"minecraft:apple":18,"minecraft:bow":4,"minecraft:iron_ingot":111,"minecraft:iron_sword":1,"minecraft:cooked_porkchop":38,"minecraft:dark_oak_log":56,"minecraft:spider_eye":2,"minecraft:slime_ball":13,"minecraft:diamond":11,"minecraft:bone_meal":39,"minecraft:spruce_sign":1,"minecraft:chainmail_helmet":2,"minecraft:bread":12,"minecraft:black_wool":1,"minecraft:coal":215},"minecraft:used":{"minecraft:moss_carpet":1,"minecraft:chest":3,"minecraft:shield":43,"minecraft:iron_sword":43,"minecraft:torch":4,"minecraft:dirt":20,"minecraft:mutton":2,"minecraft:wooden_axe":33,"minecraft:dark_oak_planks":6,"minecraft:iron_axe":21,"minecraft:iron_helmet":1,"minecraft:bow":9,"minecraft:beef":3,"minecraft:furnace":2,"minecraft:goat_horn":1,"minecraft:cooked_cod":1,"minecraft:beetroot_seeds":92,"minecraft:egg":1,"minecraft:cooked_beef":17,"minecraft:potato":40,"minecraft:iron_leggings":1,"minecraft:cooked_mutton":3,"minecraft:birch_planks":19,"minecraft:wooden_pickaxe":25,"minecraft:leather_chestplate":2,"minecraft:brown_mushroom":1,"minecraft:spruce_sign":1,"minecraft:white_wool":1,"minecraft:golden_apple":1,"minecraft:crafting_table":3,"minecraft:red_bed":2,"minecraft:bread":35,"minecraft:suspicious_stew":1,"minecraft:iron_pickaxe":126,"aquamirae:cooked_spinefish":1,"minecraft:diamond_sword":117,"minecraft:cobblestone":13,"minecraft:cooked_porkchop":28,"minecraft:andesite":2,"minecraft:experience_bottle":2},"minecraft:killed_by":{"minecraft:piglin_brute":8,"minecraft:vindicator":1,"minecraft:piglin":3},"minecraft:mined":{"minecraft:dark_oak_leaves":1,"minecraft:dark_oak_log":56,"minecraft:cave_vines_plant":1,"minecraft:moss_block":1,"minecraft:spawner":3,"minecraft:hay_block":10,"minecraft:furnace":2,"minecraft:iron_ore":21,"minecraft:andesite":2,"minecraft:moss_carpet":2,"minecraft:gold_block":1,"minecraft:potatoes":7,"minecraft:stone":44,"minecraft:red_bed":2,"minecraft:crafting_table":1,"minecraft:mushroom_stem":9,"minecraft:cobblestone":1,"minecraft:birch_log":4,"minecraft:grass":9,"minecraft:coal_ore":70,"minecraft:beetroots":119,"minecraft:oak_leaves":1}},"DataVersion":3465}