{"stats":{"minecraft:killed_by":{"minecraft:piglin":3,"minecraft:piglin_brute":8},"minecraft:mined":{"minecraft:red_bed":1,"minecraft:dark_oak_leaves":1,"minecraft:dark_oak_log":56,"minecraft:crafting_table":1,"minecraft:cave_vines_plant":1,"minecraft:mushroom_stem":9,"minecraft:spawner":3,"minecraft:furnace":1,"minecraft:andesite":2,"minecraft:moss_carpet":1,"minecraft:gold_block":1,"minecraft:grass":8,"minecraft:coal_ore":17,"minecraft:beetroots":119},"minecraft:broken":{"minecraft:wooden_axe":1},"minecraft:crafted":{"minecraft:cooked_beef":13,"minecraft:cooked_porkchop":3,"minecraft:crafting_table":3,"minecraft:wooden_pickaxe":1,"minecraft:bone_meal":1,"minecraft:birch_planks":20,"minecraft:air":0,"minecraft:shield":1,"minecraft:iron_axe":1,"minecraft:stick":36,"minecraft:iron_pickaxe":1,"minecraft:wooden_axe":1,"minecraft:chest":2,"minecraft:gold_ingot":9,"minecraft:torch":32,"minecraft:dark_oak_planks":224},"minecraft:picked_up":{"minecraft:wooden_axe":2,"minecraft:birch_log":5,"minecraft:crafting_table":1,"minecraft:cooked_beef":3,"minecraft:andesite":2,"minecraft:leather":8,"minecraft:wooden_pickaxe":2,"minecraft:gold_block":1,"minecraft:red_bed":1,"minecraft:dirt":20,"minecraft:string":2,"minecraft:moss_carpet":1,"minecraft:beetroot":162,"minecraft:beef":20,"minecraft:furnace":1,"minecraft:bowl":6,"minecraft:porkchop":3,"minecraft:dark_oak_log":56,"minecraft:spider_eye":1,"minecraft:dark_oak_planks":304,"minecraft:beetroot_seeds":625,"minecraft:spruce_sign":1,"minecraft:coal":17},"minecraft:used":{"minecraft:moss_carpet":1,"minecraft:wooden_pickaxe":25,"minecraft:shield":1,"minecraft:chest":2,"minecraft:leather_chestplate":1,"minecraft:spruce_sign":1,"minecraft:torch":1,"minecraft:golden_apple":1,"minecraft:dirt":20,"minecraft:crafting_table":2,"minecraft:wooden_axe":33,"minecraft:iron_axe":21,"minecraft:bread":13,"minecraft:iron_pickaxe":6,"minecraft:suspicious_stew":1,"aquamirae:cooked_spinefish":1,"minecraft:diamond_sword":24,"minecraft:beef":3,"minecraft:cooked_cod":1,"minecraft:beetroot_seeds":92,"minecraft:andesite":2,"minecraft:cooked_beef":3,"minecraft:potato":30,"minecraft:iron_leggings":1},"minecraft:custom":{"minecraft:interact_with_smithing_table":2,"minecraft:interact_with_furnace":10,"minecraft:mob_kills":21,"minecraft:interact_with_crafting_table":9,"minecraft:open_barrel":5,"minecraft:interact_with_campfire":3,"minecraft:leave_game":5,"minecraft:time_since_death":25401,"minecraft:sleep_in_bed":1,"minecraft:climb_one_cm":1537,"minecraft:time_since_rest":25431,"minecraft:sprint_one_cm":133768,"minecraft:walk_one_cm":155450,"minecraft:damage_taken":3516,"minecraft:damage_absorbed":40,"minecraft:damage_blocked_by_shield":40,"minecraft:damage_dealt":5007,"minecraft:fly_one_cm":58143,"minecraft:open_chest":35,"minecraft:crouch_one_cm":118,"minecraft:play_time":57601,"minecraft:deaths":15,"minecraft:sneak_time":234,"minecraft:walk_under_water_one_cm":5359,"minecraft:interact_with_lectern":1,"minecraft:jump":390,"minecraft:walk_on_water_one_cm":1134,"minecraft:total_world_time":57601,"minecraft:fall_one_cm":5364},"minecraft:killed":{"minecraft:piglin":6,"minecraft:pig":1,"minecraft:zombie_villager":1,"minecraft:spider":2,"minecraft:piglin_brute":4,"minecraft:cow":7}},"DataVersion":3465}