{"stats":{"minecraft:killed_by":{"minecraft:piglin":3,"minecraft:piglin_brute":8},"minecraft:mined":{"minecraft:dark_oak_leaves":1,"minecraft:dark_oak_log":56,"minecraft:andesite":2,"minecraft:moss_carpet":1,"minecraft:cave_vines_plant":1,"minecraft:grass":3,"minecraft:coal_ore":1,"minecraft:beetroots":39,"minecraft:spawner":2},"minecraft:crafted":{"minecraft:crafting_table":3,"minecraft:stick":36,"minecraft:wooden_axe":1,"minecraft:wooden_pickaxe":1,"minecraft:chest":2,"minecraft:dark_oak_planks":224},"minecraft:picked_up":{"minecraft:wooden_axe":2,"minecraft:andesite":2,"minecraft:leather":2,"minecraft:bowl":6,"minecraft:wooden_pickaxe":2,"minecraft:dark_oak_log":56,"minecraft:dark_oak_planks":304,"minecraft:moss_carpet":1,"minecraft:beetroot":81,"minecraft:beetroot_seeds":408,"minecraft:beef":9,"minecraft:coal":1},"minecraft:used":{"minecraft:wooden_axe":22,"minecraft:moss_carpet":1,"minecraft:suspicious_stew":1,"minecraft:chest":2,"minecraft:wooden_pickaxe":5,"minecraft:golden_apple":1,"minecraft:beef":3,"minecraft:crafting_table":2,"minecraft:cooked_cod":1},"minecraft:custom":{"minecraft:time_since_rest":1501,"minecraft:interact_with_smithing_table":1,"minecraft:walk_one_cm":73835,"minecraft:interact_with_furnace":1,"minecraft:sprint_one_cm":72372,"minecraft:damage_taken":3000,"minecraft:damage_absorbed":40,"minecraft:mob_kills":6,"minecraft:damage_dealt":1407,"minecraft:interact_with_crafting_table":7,"minecraft:fly_one_cm":23116,"minecraft:open_barrel":2,"minecraft:open_chest":20,"minecraft:crouch_one_cm":39,"minecraft:play_time":33671,"minecraft:interact_with_campfire":3,"minecraft:deaths":15,"minecraft:sneak_time":135,"minecraft:walk_under_water_one_cm":5359,"minecraft:interact_with_lectern":1,"minecraft:jump":168,"minecraft:leave_game":5,"minecraft:time_since_death":1471,"minecraft:walk_on_water_one_cm":1068,"minecraft:sleep_in_bed":1,"minecraft:total_world_time":33671,"minecraft:climb_one_cm":721,"minecraft:fall_one_cm":1899},"minecraft:killed":{"minecraft:piglin":4,"minecraft:piglin_brute":1,"minecraft:cow":1}},"DataVersion":3465}