{"stats":{"minecraft:killed_by":{"minecraft:piglin":3,"minecraft:piglin_brute":8},"minecraft:mined":{"minecraft:red_bed":1,"minecraft:dark_oak_leaves":1,"minecraft:dark_oak_log":56,"minecraft:crafting_table":1,"minecraft:cave_vines_plant":1,"minecraft:mushroom_stem":9,"minecraft:spawner":3,"minecraft:furnace":1,"minecraft:birch_log":4,"minecraft:iron_ore":14,"minecraft:andesite":2,"minecraft:moss_carpet":1,"minecraft:gold_block":1,"minecraft:grass":8,"minecraft:potatoes":7,"minecraft:coal_ore":53,"minecraft:beetroots":119,"minecraft:stone":4},"minecraft:broken":{"minecraft:wooden_axe":1},"minecraft:crafted":{"minecraft:cooked_beef":13,"minecraft:cooked_porkchop":3,"minecraft:crafting_table":3,"minecraft:wooden_pickaxe":1,"minecraft:bone_meal":1,"minecraft:birch_planks":36,"minecraft:air":0,"minecraft:shield":1,"minecraft:iron_axe":1,"minecraft:stick":36,"minecraft:iron_pickaxe":1,"minecraft:wooden_axe":1,"minecraft:chest":2,"minecraft:gold_ingot":9,"minecraft:torch":32,"minecraft:dark_oak_planks":224},"minecraft:picked_up":{"minecraft:wooden_axe":2,"minecraft:birch_log":9,"minecraft:crafting_table":1,"minecraft:leather_chestplate":1,"minecraft:cooked_beef":14,"minecraft:andesite":2,"minecraft:leather":15,"minecraft:brown_mushroom":2,"minecraft:diamond_sword":1,"minecraft:wooden_pickaxe":3,"minecraft:potato":10,"minecraft:birch_planks":20,"minecraft:gold_block":1,"minecraft:enchanted_book":1,"minecraft:shield":1,"minecraft:red_bed":2,"minecraft:dirt":20,"minecraft:string":4,"minecraft:moss_carpet":1,"minecraft:iron_leggings":1,"minecraft:beetroot":205,"minecraft:iron_ingot":2,"minecraft:beef":20,"minecraft:iron_pickaxe":1,"minecraft:egg":1,"minecraft:furnace":2,"minecraft:stick":8,"minecraft:raw_iron":28,"minecraft:cooked_porkchop":3,"minecraft:torch":31,"minecraft:bowl":6,"minecraft:porkchop":3,"minecraft:dark_oak_log":56,"minecraft:spider_eye":2,"minecraft:dark_oak_planks":368,"minecraft:beetroot_seeds":817,"minecraft:bone_meal":1,"minecraft:bread":8,"minecraft:spruce_sign":1,"minecraft:coal":93,"minecraft:cobblestone":8},"minecraft:dropped":{"minecraft:brown_mushroom":1},"minecraft:used":{"minecraft:moss_carpet":1,"minecraft:wooden_pickaxe":25,"minecraft:shield":1,"minecraft:chest":2,"minecraft:leather_chestplate":1,"minecraft:brown_mushroom":1,"minecraft:spruce_sign":1,"minecraft:torch":2,"minecraft:golden_apple":1,"minecraft:dirt":20,"minecraft:crafting_table":2,"minecraft:wooden_axe":33,"minecraft:iron_axe":21,"minecraft:bread":15,"minecraft:iron_pickaxe":60,"minecraft:suspicious_stew":1,"aquamirae:cooked_spinefish":1,"minecraft:diamond_sword":24,"minecraft:beef":3,"minecraft:cooked_porkchop":2,"minecraft:cooked_cod":1,"minecraft:beetroot_seeds":92,"minecraft:andesite":2,"minecraft:egg":1,"minecraft:cooked_beef":5,"minecraft:potato":40,"minecraft:iron_leggings":1},"minecraft:custom":{"minecraft:interact_with_smithing_table":2,"minecraft:interact_with_furnace":10,"minecraft:mob_kills":21,"minecraft:interact_with_crafting_table":9,"minecraft:open_barrel":5,"minecraft:interact_with_campfire":3,"minecraft:leave_game":5,"minecraft:time_since_death":3770,"minecraft:sleep_in_bed":1,"minecraft:climb_one_cm":1537,"minecraft:time_since_rest":3799,"minecraft:sprint_one_cm":185367,"minecraft:walk_one_cm":178742,"minecraft:damage_taken":4026,"minecraft:damage_absorbed":40,"minecraft:damage_blocked_by_shield":40,"minecraft:drop":1,"minecraft:damage_dealt":5007,"minecraft:swim_one_cm":17483,"minecraft:fly_one_cm":109277,"minecraft:open_chest":36,"minecraft:crouch_one_cm":145,"minecraft:play_time":69601,"minecraft:deaths":17,"minecraft:sneak_time":372,"minecraft:walk_under_water_one_cm":13354,"minecraft:interact_with_lectern":1,"minecraft:jump":728,"minecraft:walk_on_water_one_cm":6127,"minecraft:total_world_time":69601,"minecraft:fall_one_cm":13003},"minecraft:killed":{"minecraft:piglin":6,"minecraft:pig":1,"minecraft:zombie_villager":1,"minecraft:spider":2,"minecraft:piglin_brute":4,"minecraft:cow":7}},"DataVersion":3465}