{"stats":{"minecraft:crafted":{"minecraft:dark_oak_planks":8,"minecraft:stick":4,"minecraft:wooden_pickaxe":1,"minecraft:wooden_axe":1},"minecraft:killed":{"minecraft:turtle":1,"minecraft:cod":16},"minecraft:picked_up":{"minecraft:seagrass":1,"minecraft:crafting_table":1,"minecraft:dark_oak_log":2,"minecraft:cod":14,"minecraft:cobblestone":6},"minecraft:custom":{"minecraft:time_since_rest":16540,"minecraft:play_time":16540,"minecraft:sprint_one_cm":5662,"minecraft:damage_taken":210,"minecraft:walk_one_cm":1350,"minecraft:sneak_time":199,"minecraft:walk_under_water_one_cm":37862,"minecraft:mob_kills":17,"minecraft:jump":45,"minecraft:damage_dealt":795,"minecraft:leave_game":10,"minecraft:walk_on_water_one_cm":3654,"minecraft:time_since_death":16540,"minecraft:total_world_time":16540,"minecraft:swim_one_cm":82879,"minecraft:interact_with_crafting_table":2,"minecraft:fall_one_cm":1825,"minecraft:fly_one_cm":9457},"minecraft:used":{"minecraft:wooden_axe":25,"minecraft:cod":10,"minecraft:wooden_pickaxe":6,"minecraft:seagrass":1},"minecraft:mined":{"minecraft:seagrass":3,"minecraft:tall_seagrass":1,"minecraft:kelp_plant":6,"minecraft:dark_oak_log":2,"minecraft:stone":6,"minecraft:crafting_table":1}},"DataVersion":3465}