{"stats":{"minecraft:crafted":{"minecraft:cooked_cod":4,"minecraft:iron_boots":1,"minecraft:iron_chestplate":1,"minecraft:stick":8,"minecraft:iron_pickaxe":1,"minecraft:iron_ingot":29,"minecraft:wooden_pickaxe":1,"minecraft:iron_helmet":1,"minecraft:stone_pickaxe":1,"minecraft:wooden_axe":1,"minecraft:iron_leggings":1,"minecraft:furnace":2,"minecraft:dark_oak_planks":16,"minecraft:air":0},"minecraft:killed":{"minecraft:turtle":1,"minecraft:cod":16,"minecraft:tropical_fish":1},"minecraft:picked_up":{"minecraft:seagrass":1,"minecraft:crafting_table":2,"minecraft:raw_iron":48,"minecraft:diorite":1,"minecraft:lapis_lazuli":19,"minecraft:dark_oak_log":4,"minecraft:raw_gold":4,"minecraft:coal":13,"minecraft:cod":14,"minecraft:cobblestone":25},"minecraft:broken":{"minecraft:wooden_axe":1},"minecraft:custom":{"minecraft:time_since_rest":28540,"minecraft:interact_with_furnace":14,"minecraft:sprint_one_cm":5662,"minecraft:damage_taken":310,"minecraft:walk_one_cm":1490,"minecraft:mob_kills":18,"minecraft:damage_dealt":962,"minecraft:swim_one_cm":136387,"minecraft:interact_with_crafting_table":8,"minecraft:fly_one_cm":9497,"minecraft:open_chest":1,"minecraft:play_time":28540,"minecraft:sneak_time":487,"minecraft:walk_under_water_one_cm":83506,"minecraft:jump":55,"minecraft:leave_game":10,"minecraft:time_since_death":28540,"minecraft:walk_on_water_one_cm":8481,"minecraft:total_world_time":28540,"minecraft:fall_one_cm":1825},"minecraft:used":{"minecraft:wooden_axe":31,"minecraft:diorite":1,"minecraft:stone_pickaxe":99,"minecraft:iron_pickaxe":8,"minecraft:wooden_pickaxe":6,"minecraft:stone_axe":2,"minecraft:crafting_table":2,"minecraft:furnace":2,"minecraft:cooked_cod":1,"minecraft:cod":10,"minecraft:seagrass":1},"minecraft:mined":{"minecraft:seagrass":3,"minecraft:tall_seagrass":1,"minecraft:kelp_plant":6,"minecraft:iron_ore":50,"minecraft:dark_oak_log":4,"minecraft:sea_lantern":1,"minecraft:crafting_table":2,"minecraft:coal_ore":16,"minecraft:deepslate_iron_ore":8,"minecraft:lapis_ore":3,"minecraft:stone":31,"minecraft:gold_ore":4,"minecraft:diorite":1}},"DataVersion":3465}