{"stats":{"minecraft:crafted":{"minecraft:furnace":4,"minecraft:iron_bars":16,"minecraft:iron_boots":3,"minecraft:iron_axe":3,"minecraft:stone_pickaxe":2,"minecraft:dark_oak_planks":32,"minecraft:cooked_cod":4,"minecraft:crafting_table":3,"minecraft:spruce_planks":8,"minecraft:wooden_pickaxe":2,"minecraft:iron_helmet":3,"minecraft:iron_sword":3,"minecraft:bucket":3,"minecraft:air":0,"minecraft:iron_chestplate":3,"minecraft:shield":3,"minecraft:stick":36,"minecraft:iron_ingot":165,"minecraft:iron_pickaxe":4,"minecraft:wooden_axe":1,"minecraft:iron_shovel":1,"minecraft:iron_leggings":2},"minecraft:killed":{"minecraft:witch":1,"minecraft:cod":19,"minecraft:skeleton":17,"minecraft:turtle":1,"minecraft:tropical_fish":2,"minecraft:salmon":54,"minecraft:squid":4,"minecraft:zombie":1},"minecraft:picked_up":{"minecraft:seagrass":1,"minecraft:crafting_table":16,"minecraft:iron_chestplate":4,"minecraft:chainmail_boots":5,"minecraft:wooden_pickaxe":6,"minecraft:oak_stairs":5,"minecraft:shield":6,"minecraft:string":2,"minecraft:iron_axe":8,"minecraft:cooked_salmon":25,"minecraft:iron_leggings":1,"minecraft:iron_shovel":8,"minecraft:cobbled_deepslate":10,"minecraft:bucket":1,"minecraft:spruce_planks":112,"minecraft:rose_bush":1,"minecraft:player_head":6,"minecraft:iron_pickaxe":6,"minecraft:birch_sapling":1,"minecraft:iron_boots":2,"minecraft:furnace":3,"minecraft:stick":8,"minecraft:raw_iron":217,"minecraft:stripped_crimson_hyphae":1,"minecraft:torch":17,"minecraft:brick_wall":4,"minecraft:spruce_stairs":6,"minecraft:spruce_fence":4,"minecraft:diorite":1,"minecraft:redstone":23,"minecraft:purple_terracotta":23,"minecraft:arrow":29,"minecraft:honey_bottle":19,"minecraft:rotten_flesh":22,"minecraft:tropical_fish":2,"minecraft:red_tulip":1,"minecraft:gold_ingot":3,"minecraft:glow_berries":1,"minecraft:skeleton_skull":2,"minecraft:cod":16,"minecraft:snowball":425,"minecraft:cobblestone":169,"minecraft:lilac":14,"minecraft:glow_ink_sac":3,"minecraft:water_bucket":8,"minecraft:salmon":41,"minecraft:red_glazed_terracotta":9,"minecraft:red_mushroom":8,"minecraft:gunpowder":3,"minecraft:lapis_lazuli":400,"minecraft:dirt":136,"minecraft:polished_granite":9,"minecraft:bone":29,"minecraft:wheat_seeds":2,"minecraft:raw_gold":17,"minecraft:iron_ingot":78,"minecraft:glowstone_dust":1,"minecraft:iron_sword":12,"minecraft:book":171,"minecraft:black_candle":3,"travelersbackpack:squid":1,"minecraft:gravel":1,"minecraft:sand":3,"minecraft:red_banner":2,"minecraft:spruce_sapling":2,"minecraft:ink_sac":10,"minecraft:spruce_log":38,"minecraft:dark_oak_log":8,"minecraft:spider_eye":3,"minecraft:brick_slab":2,"minecraft:diamond":1,"minecraft:chainmail_leggings":8,"minecraft:iron_helmet":5,"minecraft:granite":2,"minecraft:bone_meal":2,"minecraft:golden_apple":4,"minecraft:bread":65,"minecraft:terracotta":157,"minecraft:baked_potato":33,"minecraft:dark_oak_fence":2,"minecraft:bricks":21,"minecraft:coal":98},"minecraft:broken":{"minecraft:stone_pickaxe":1,"minecraft:wooden_axe":1},"minecraft:killed_by":{"minecraft:skeleton":11,"minecraft:zombie":1},"minecraft:custom":{"minecraft:interact_with_smithing_table":1,"minecraft:mob_kills":103,"minecraft:interact_with_crafting_table":50,"minecraft:open_barrel":13,"minecraft:leave_game":25,"minecraft:time_since_death":31224,"minecraft:climb_one_cm":7069,"minecraft:sprint_one_cm":140908,"minecraft:walk_one_cm":115594,"minecraft:damage_blocked_by_shield":1280,"minecraft:drop":11,"minecraft:play_time":195611,"minecraft:sneak_time":16668,"minecraft:deaths":20,"minecraft:walk_under_water_one_cm":513517,"minecraft:jump":1057,"minecraft:walk_on_water_one_cm":129490,"minecraft:total_world_time":195611,"minecraft:interact_with_furnace":38,"minecraft:sleep_in_bed":1,"minecraft:time_since_rest":31334,"minecraft:damage_taken":7399,"minecraft:damage_dealt":8812,"minecraft:swim_one_cm":1047734,"minecraft:fly_one_cm":196482,"minecraft:open_chest":18,"minecraft:crouch_one_cm":21171,"minecraft:fall_one_cm":39129},"minecraft:dropped":{"minecraft:lapis_lazuli":65,"minecraft:lilac":1,"minecraft:glow_ink_sac":3,"minecraft:ink_sac":10,"minecraft:spruce_sapling":2,"minecraft:birch_sapling":1,"minecraft:raw_iron":11,"minecraft:salmon":41},"minecraft:used":{"minecraft:iron_shovel":24,"minecraft:tropical_fish":2,"minecraft:spruce_planks":9,"minecraft:shield":26,"minecraft:iron_sword":193,"minecraft:cooked_salmon":9,"minecraft:rotten_flesh":2,"minecraft:torch":1,"minecraft:dirt":1,"minecraft:spruce_stairs":1,"minecraft:spruce_fence":2,"minecraft:wooden_axe":31,"minecraft:bricks":12,"minecraft:iron_axe":84,"minecraft:oak_stairs":1,"travelersbackpack:squid":3,"minecraft:iron_helmet":1,"minecraft:iron_boots":1,"minecraft:furnace":4,"minecraft:cooked_cod":4,"minecraft:cobbled_deepslate":9,"minecraft:powder_snow_bucket":3,"minecraft:seagrass":1,"minecraft:water_bucket":171,"minecraft:diorite":1,"minecraft:brick_wall":2,"minecraft:stone_pickaxe":160,"minecraft:baked_potato":12,"minecraft:wooden_pickaxe":12,"minecraft:red_glazed_terracotta":4,"minecraft:glow_berries":1,"minecraft:sand":3,"minecraft:terracotta":6,"minecraft:crafting_table":8,"minecraft:purple_terracotta":3,"minecraft:cod":10,"minecraft:bread":6,"minecraft:iron_pickaxe":540,"minecraft:polished_granite":6,"minecraft:stone_axe":5,"minecraft:cobblestone":37,"minecraft:stripped_crimson_hyphae":1,"minecraft:chainmail_boots":2,"minecraft:dark_oak_fence":1,"minecraft:bucket":178,"minecraft:black_candle":3,"minecraft:chainmail_leggings":3},"minecraft:mined":{"minecraft:tuff":1,"minecraft:spruce_planks":61,"minecraft:deepslate_diamond_ore":1,"minecraft:dark_oak_log":9,"minecraft:sea_lantern":1,"minecraft:dark_oak_fence":1,"minecraft:granite":1,"minecraft:stripped_crimson_hyphae":2,"minecraft:purple_terracotta":3,"minecraft:grass_block":3,"minecraft:spawner":5,"minecraft:hay_block":1,"minecraft:tall_seagrass":2,"minecraft:redstone_ore":5,"minecraft:furnace":3,"minecraft:iron_ore":205,"minecraft:cobbled_deepslate":1,"minecraft:fire":3,"minecraft:snow":1,"minecraft:bookshelf":11,"minecraft:red_tulip":1,"minecraft:deepslate_iron_ore":27,"minecraft:oak_stairs":1,"minecraft:black_candle":1,"minecraft:stone":178,"minecraft:player_head":1,"minecraft:kelp_plant":13,"minecraft:snow_block":23,"minecraft:brick_wall":2,"minecraft:powder_snow":21,"minecraft:polished_granite":6,"minecraft:crafting_table":8,"minecraft:clay":1,"minecraft:rose_bush":1,"minecraft:red_glazed_terracotta":3,"minecraft:deepslate_gold_ore":6,"minecraft:lapis_ore":56,"minecraft:bricks":5,"minecraft:diorite":1,"minecraft:skeleton_skull":2,"minecraft:spruce_stairs":5,"minecraft:seagrass":3,"minecraft:brick_slab":2,"minecraft:ice":10,"minecraft:lilac":1,"minecraft:spruce_log":2,"minecraft:birch_leaves":11,"minecraft:grass":1,"minecraft:coal_ore":107,"minecraft:gravel":1,"minecraft:sand":6,"minecraft:dirt":8,"minecraft:terracotta":60,"minecraft:gold_ore":12,"minecraft:deepslate":11}},"DataVersion":3465}