{"stats":{"minecraft:crafted":{"minecraft:dark_oak_planks":8},"minecraft:picked_up":{"minecraft:dark_oak_log":2},"minecraft:custom":{"minecraft:jump":20,"minecraft:time_since_rest":6789,"minecraft:walk_on_water_one_cm":165,"minecraft:sprint_one_cm":3470,"minecraft:leave_game":7,"minecraft:play_time":6789,"minecraft:damage_taken":210,"minecraft:time_since_death":6789,"minecraft:walk_one_cm":525,"minecraft:sneak_time":36,"minecraft:total_world_time":6789,"minecraft:walk_under_water_one_cm":3380,"minecraft:swim_one_cm":8688,"minecraft:fall_one_cm":1616,"minecraft:fly_one_cm":5284},"minecraft:mined":{"minecraft:dark_oak_log":2}},"DataVersion":3465}