{"stats":{"minecraft:custom":{"minecraft:time_since_rest":617,"minecraft:sprint_one_cm":10144,"minecraft:interact_with_furnace":27,"minecraft:damage_taken":812,"minecraft:walk_one_cm":2361,"minecraft:mob_kills":22,"minecraft:damage_dealt":1150,"minecraft:swim_one_cm":285297,"minecraft:interact_with_crafting_table":11,"minecraft:fly_one_cm":11687,"minecraft:open_chest":1,"minecraft:crouch_one_cm":68,"minecraft:play_time":48791,"minecraft:deaths":1,"minecraft:sneak_time":1546,"minecraft:walk_under_water_one_cm":161409,"minecraft:jump":85,"minecraft:leave_game":16,"minecraft:walk_on_water_one_cm":12917,"minecraft:time_since_death":521,"minecraft:total_world_time":48791,"minecraft:fall_one_cm":4565},"minecraft:killed":{"minecraft:turtle":1,"minecraft:cod":19,"minecraft:tropical_fish":2},"minecraft:crafted":{"minecraft:cooked_cod":4,"minecraft:iron_boots":1,"minecraft:iron_chestplate":1,"minecraft:stick":12,"minecraft:iron_ingot":84,"minecraft:iron_pickaxe":1,"minecraft:wooden_pickaxe":1,"minecraft:iron_helmet":1,"minecraft:stone_pickaxe":1,"minecraft:wooden_axe":1,"minecraft:iron_sword":1,"minecraft:iron_leggings":1,"minecraft:furnace":2,"minecraft:bucket":1,"minecraft:dark_oak_planks":16,"minecraft:air":0},"minecraft:picked_up":{"minecraft:crafting_table":4,"minecraft:seagrass":1,"minecraft:raw_iron":107,"minecraft:diorite":1,"minecraft:dark_oak_log":4,"minecraft:lapis_lazuli":181,"minecraft:tropical_fish":2,"minecraft:wheat_seeds":2,"minecraft:raw_gold":17,"minecraft:bone_meal":1,"minecraft:cod":16,"minecraft:coal":27,"minecraft:cobblestone":35,"minecraft:furnace":2},"minecraft:broken":{"minecraft:stone_pickaxe":1,"minecraft:wooden_axe":1},"minecraft:used":{"minecraft:wooden_axe":31,"minecraft:water_bucket":4,"minecraft:diorite":1,"minecraft:tropical_fish":2,"minecraft:stone_pickaxe":131,"minecraft:iron_pickaxe":104,"minecraft:wooden_pickaxe":6,"minecraft:iron_sword":4,"minecraft:stone_axe":5,"minecraft:crafting_table":3,"minecraft:furnace":2,"minecraft:cooked_cod":4,"minecraft:cod":10,"minecraft:bucket":4,"minecraft:seagrass":1},"minecraft:killed_by":{"minecraft:zombie":1},"minecraft:mined":{"minecraft:seagrass":3,"minecraft:tall_seagrass":1,"minecraft:furnace":2,"minecraft:kelp_plant":6,"minecraft:iron_ore":104,"minecraft:dark_oak_log":4,"minecraft:sea_lantern":1,"minecraft:crafting_table":4,"minecraft:grass":1,"minecraft:coal_ore":33,"minecraft:deepslate_iron_ore":14,"minecraft:deepslate_gold_ore":6,"minecraft:lapis_ore":27,"minecraft:stone":41,"minecraft:gold_ore":12,"minecraft:diorite":1}},"DataVersion":3465}