{"stats":{"minecraft:crafted":{"minecraft:cooked_cod":4,"minecraft:iron_boots":1,"minecraft:iron_chestplate":1,"minecraft:stick":12,"minecraft:iron_pickaxe":1,"minecraft:wooden_pickaxe":1,"minecraft:iron_ingot":80,"minecraft:iron_helmet":1,"minecraft:stone_pickaxe":1,"minecraft:wooden_axe":1,"minecraft:iron_sword":1,"minecraft:iron_leggings":1,"minecraft:furnace":2,"minecraft:dark_oak_planks":16,"minecraft:air":0},"minecraft:killed":{"minecraft:turtle":1,"minecraft:cod":16,"minecraft:tropical_fish":2},"minecraft:picked_up":{"minecraft:crafting_table":3,"minecraft:seagrass":1,"minecraft:raw_iron":84,"minecraft:diorite":1,"minecraft:dark_oak_log":4,"minecraft:lapis_lazuli":168,"minecraft:tropical_fish":2,"minecraft:raw_gold":7,"minecraft:cod":14,"minecraft:coal":27,"minecraft:cobblestone":32,"minecraft:furnace":1},"minecraft:broken":{"minecraft:stone_pickaxe":1,"minecraft:wooden_axe":1},"minecraft:custom":{"minecraft:time_since_rest":39958,"minecraft:sprint_one_cm":5685,"minecraft:interact_with_furnace":26,"minecraft:damage_taken":332,"minecraft:walk_one_cm":1679,"minecraft:mob_kills":19,"minecraft:damage_dealt":992,"minecraft:swim_one_cm":206301,"minecraft:interact_with_crafting_table":10,"minecraft:fly_one_cm":9537,"minecraft:open_chest":1,"minecraft:crouch_one_cm":6,"minecraft:play_time":39958,"minecraft:sneak_time":1122,"minecraft:walk_under_water_one_cm":130909,"minecraft:jump":65,"minecraft:leave_game":12,"minecraft:time_since_death":39958,"minecraft:walk_on_water_one_cm":9186,"minecraft:total_world_time":39958,"minecraft:fall_one_cm":2094},"minecraft:used":{"minecraft:wooden_axe":31,"minecraft:diorite":1,"minecraft:tropical_fish":2,"minecraft:stone_pickaxe":131,"minecraft:iron_pickaxe":64,"minecraft:wooden_pickaxe":6,"minecraft:stone_axe":4,"minecraft:crafting_table":2,"minecraft:furnace":2,"minecraft:cooked_cod":3,"minecraft:cod":10,"minecraft:seagrass":1},"minecraft:mined":{"minecraft:seagrass":3,"minecraft:tall_seagrass":1,"minecraft:furnace":1,"minecraft:kelp_plant":6,"minecraft:iron_ore":87,"minecraft:dark_oak_log":4,"minecraft:sea_lantern":1,"minecraft:crafting_table":3,"minecraft:grass":1,"minecraft:coal_ore":33,"minecraft:deepslate_iron_ore":8,"minecraft:lapis_ore":25,"minecraft:stone":38,"minecraft:gold_ore":7,"minecraft:diorite":1}},"DataVersion":3465}