{"stats":{"minecraft:custom":{"minecraft:interact_with_furnace":30,"minecraft:mob_kills":26,"minecraft:interact_with_crafting_table":17,"minecraft:leave_game":1,"minecraft:time_since_death":56812,"minecraft:sleep_in_bed":3,"minecraft:climb_one_cm":270,"minecraft:time_since_rest":9603,"minecraft:sprint_one_cm":243184,"minecraft:damage_taken":348,"minecraft:walk_one_cm":113915,"minecraft:drop":1,"minecraft:damage_dealt":2512,"minecraft:swim_one_cm":79779,"minecraft:fly_one_cm":177082,"minecraft:open_chest":3,"minecraft:crouch_one_cm":10102,"minecraft:play_time":68674,"minecraft:deaths":1,"minecraft:sneak_time":4516,"minecraft:walk_under_water_one_cm":5331,"minecraft:jump":1082,"minecraft:walk_on_water_one_cm":19032,"minecraft:total_world_time":68674,"minecraft:fall_one_cm":14109},"minecraft:dropped":{"minecraft:cooked_porkchop":10},"minecraft:killed":{"minecraft:pig":11,"minecraft:sheep":7,"minecraft:zombie":1,"minecraft:chicken":3,"minecraft:cow":4},"minecraft:crafted":{"minecraft:cooked_beef":7,"minecraft:wooden_sword":2,"minecraft:oak_planks":36,"minecraft:stone_shovel":1,"minecraft:cooked_porkchop":20,"minecraft:leather_boots":1,"minecraft:crafting_table":4,"minecraft:wooden_pickaxe":1,"minecraft:baked_potato":1,"minecraft:cooked_chicken":3,"minecraft:iron_sword":1,"minecraft:furnace":3,"minecraft:stone_axe":1,"minecraft:cooked_mutton":5,"minecraft:air":0,"travelersbackpack:white_sleeping_bag":1,"minecraft:stick":20,"minecraft:iron_ingot":8,"minecraft:iron_pickaxe":2,"minecraft:stone_pickaxe":2,"minecraft:wooden_axe":1,"minecraft:stone_sword":1,"minecraft:white_bed":1,"minecraft:dark_oak_planks":20},"minecraft:picked_up":{"minecraft:coarse_dirt":10,"minecraft:feather":12,"minecraft:chicken":6,"minecraft:clay_ball":12,"minecraft:andesite":8,"minecraft:leather":12,"minecraft:stone_slab":2,"minecraft:potato":6,"minecraft:oak_log":9,"minecraft:chainmail_chestplate":1,"minecraft:dirt":74,"minecraft:raw_copper":2,"minecraft:beetroot":14,"minecraft:wheat_seeds":3,"minecraft:raw_gold":1,"minecraft:beef":14,"minecraft:moss_block":2,"minecraft:egg":6,"minecraft:stick":3,"minecraft:raw_iron":16,"minecraft:porkchop":26,"minecraft:sand":16,"minecraft:pointed_dripstone":4,"minecraft:white_bed":1,"minecraft:dark_oak_log":5,"minecraft:leather_helmet":1,"minecraft:dark_oak_planks":4,"travelersbackpack:white_sleeping_bag":1,"minecraft:rotten_flesh":4,"minecraft:beetroot_seeds":64,"minecraft:chainmail_leggings":1,"minecraft:granite":1,"minecraft:mutton":11,"minecraft:coal":98,"minecraft:white_wool":8,"minecraft:cobblestone":63},"minecraft:broken":{"minecraft:stone_pickaxe":1,"minecraft:wooden_sword":2},"minecraft:used":{"minecraft:beetroot":14,"minecraft:moss_block":2,"minecraft:cooked_mutton":5,"minecraft:stone_pickaxe":168,"minecraft:stone_shovel":83,"minecraft:baked_potato":1,"minecraft:wooden_pickaxe":26,"minecraft:cooked_chicken":1,"minecraft:dirt":67,"minecraft:crafting_table":4,"minecraft:chainmail_chestplate":1,"minecraft:white_bed":2,"minecraft:granite":1,"minecraft:wooden_axe":12,"minecraft:iron_pickaxe":1,"travelersbackpack:white_sleeping_bag":2,"minecraft:stone_slab":2,"minecraft:wooden_sword":130,"minecraft:furnace":3,"minecraft:beetroot_seeds":22,"minecraft:andesite":8,"minecraft:potato":4,"minecraft:coarse_dirt":10},"minecraft:killed_by":{"minecraft:creeper":1},"minecraft:mined":{"minecraft:white_bed":1,"minecraft:jungle_leaves":1,"minecraft:dark_oak_log":5,"minecraft:clay":4,"minecraft:glow_lichen":2,"minecraft:granite":1,"minecraft:grass_block":42,"minecraft:rose_bush":1,"minecraft:stone_slab":2,"travelersbackpack:white_sleeping_bag":1,"minecraft:copper_ore":1,"minecraft:coarse_dirt":9,"minecraft:iron_ore":16,"minecraft:andesite":8,"minecraft:grass":16,"minecraft:coal_ore":99,"minecraft:pointed_dripstone":1,"minecraft:potatoes":3,"minecraft:oak_log":9,"minecraft:beetroots":18,"minecraft:sand":16,"minecraft:dirt":20,"minecraft:stone":63,"minecraft:gold_ore":1}},"DataVersion":3465}