{"stats":{"minecraft:custom":{"minecraft:interact_with_furnace":41,"minecraft:mob_kills":36,"minecraft:open_barrel":1,"minecraft:interact_with_crafting_table":20,"minecraft:leave_game":2,"minecraft:time_since_death":626,"minecraft:sleep_in_bed":3,"minecraft:climb_one_cm":713,"minecraft:time_since_rest":657,"minecraft:sprint_one_cm":471929,"minecraft:damage_taken":926,"minecraft:walk_one_cm":187297,"minecraft:damage_blocked_by_shield":90,"minecraft:drop":5,"minecraft:damage_dealt":4315,"minecraft:swim_one_cm":118730,"minecraft:fly_one_cm":337972,"minecraft:open_chest":3,"minecraft:crouch_one_cm":14319,"minecraft:play_time":115090,"minecraft:deaths":3,"minecraft:sneak_time":6477,"minecraft:walk_under_water_one_cm":20711,"minecraft:jump":2056,"minecraft:walk_on_water_one_cm":37027,"minecraft:total_world_time":115090,"minecraft:fall_one_cm":27676},"minecraft:dropped":{"minecraft:wheat_seeds":2,"minecraft:cooked_porkchop":10,"minecraft:pointed_dripstone":6,"minecraft:lily_of_the_valley":1,"minecraft:white_wool":1},"minecraft:killed":{"minecraft:pig":13,"minecraft:spider":1,"minecraft:skeleton":2,"minecraft:sheep":7,"minecraft:zombie":6,"minecraft:chicken":3,"minecraft:cow":4},"minecraft:crafted":{"minecraft:cooked_beef":7,"minecraft:wooden_sword":2,"minecraft:oak_planks":36,"minecraft:stone_shovel":1,"minecraft:cooked_porkchop":23,"minecraft:leather_boots":1,"minecraft:crafting_table":5,"minecraft:wooden_pickaxe":1,"minecraft:baked_potato":1,"minecraft:cooked_chicken":3,"minecraft:iron_sword":1,"minecraft:furnace":4,"minecraft:stone_axe":1,"minecraft:cooked_mutton":9,"minecraft:air":0,"travelersbackpack:white_sleeping_bag":1,"minecraft:yellow_dye":3,"minecraft:stick":36,"minecraft:iron_ingot":21,"minecraft:iron_pickaxe":2,"minecraft:stone_pickaxe":2,"minecraft:wooden_axe":1,"minecraft:stone_sword":1,"minecraft:white_bed":1,"minecraft:torch":72,"minecraft:dark_oak_planks":20},"minecraft:picked_up":{"minecraft:coarse_dirt":10,"minecraft:feather":12,"minecraft:chicken":6,"minecraft:clay_ball":12,"minecraft:andesite":8,"minecraft:leather":12,"minecraft:stone_slab":2,"minecraft:potato":6,"minecraft:oak_log":9,"minecraft:chainmail_chestplate":1,"minecraft:shield":1,"minecraft:brick":3,"minecraft:dirt":78,"minecraft:raw_copper":2,"minecraft:bone":6,"minecraft:cooked_mutton":7,"minecraft:beetroot":14,"minecraft:wheat_seeds":5,"minecraft:raw_gold":6,"minecraft:iron_ingot":1,"minecraft:beef":14,"minecraft:moss_block":2,"minecraft:furnace":1,"minecraft:egg":6,"minecraft:stick":3,"minecraft:raw_iron":33,"minecraft:dandelion":3,"minecraft:porkchop":31,"minecraft:sand":16,"minecraft:pointed_dripstone":6,"minecraft:white_bed":1,"minecraft:lily_of_the_valley":1,"minecraft:dark_oak_log":5,"minecraft:leather_helmet":1,"minecraft:dark_oak_planks":4,"travelersbackpack:white_sleeping_bag":1,"minecraft:arrow":7,"minecraft:rotten_flesh":6,"minecraft:beetroot_seeds":64,"minecraft:chainmail_leggings":1,"minecraft:granite":1,"minecraft:glow_berries":1,"minecraft:mutton":11,"minecraft:coal":98,"minecraft:white_wool":8,"minecraft:cobblestone":85},"minecraft:broken":{"minecraft:stone_pickaxe":1,"minecraft:wooden_sword":2},"minecraft:used":{"minecraft:beetroot":14,"minecraft:moss_block":2,"minecraft:cooked_mutton":9,"minecraft:stone_sword":15,"minecraft:stone_pickaxe":191,"minecraft:stone_shovel":84,"minecraft:baked_potato":1,"minecraft:shield":7,"minecraft:wooden_pickaxe":46,"minecraft:iron_sword":31,"minecraft:cooked_chicken":2,"minecraft:torch":44,"minecraft:glow_berries":1,"minecraft:sand":16,"minecraft:dirt":78,"minecraft:crafting_table":5,"minecraft:chainmail_chestplate":1,"minecraft:carrot":7,"minecraft:white_bed":2,"minecraft:granite":1,"minecraft:wooden_axe":12,"minecraft:iron_pickaxe":1,"travelersbackpack:white_sleeping_bag":2,"minecraft:stone_slab":2,"minecraft:wooden_sword":130,"minecraft:furnace":4,"minecraft:beetroot_seeds":22,"minecraft:andesite":8,"minecraft:egg":3,"minecraft:cooked_beef":1,"minecraft:potato":4,"minecraft:coarse_dirt":10},"minecraft:killed_by":{"minecraft:skeleton":1,"minecraft:creeper":1,"minecraft:zombie":1},"minecraft:mined":{"minecraft:white_bed":1,"minecraft:jungle_leaves":1,"minecraft:dark_oak_log":5,"minecraft:dandelion":3,"minecraft:clay":4,"minecraft:glow_lichen":2,"minecraft:granite":1,"minecraft:grass_block":46,"minecraft:decorated_pot":1,"minecraft:rose_bush":1,"minecraft:stone_slab":2,"travelersbackpack:white_sleeping_bag":1,"minecraft:copper_ore":1,"minecraft:coarse_dirt":9,"minecraft:furnace":1,"minecraft:iron_ore":33,"minecraft:andesite":8,"minecraft:grass":17,"minecraft:coal_ore":99,"minecraft:pointed_dripstone":2,"minecraft:potatoes":3,"minecraft:oak_log":9,"minecraft:beetroots":18,"minecraft:sand":16,"minecraft:dirt":20,"minecraft:stone":85,"minecraft:gold_ore":1}},"DataVersion":3465}