{"stats":{"minecraft:crafted":{"minecraft:dark_oak_planks":8,"minecraft:wooden_sword":1,"minecraft:stick":4},"minecraft:killed":{"minecraft:sheep":1},"minecraft:picked_up":{"minecraft:mutton":2,"minecraft:dark_oak_log":2,"minecraft:white_wool":1},"minecraft:custom":{"minecraft:jump":51,"minecraft:time_since_rest":5455,"minecraft:damage_dealt":81,"minecraft:sprint_one_cm":12068,"minecraft:play_time":5455,"minecraft:damage_taken":20,"minecraft:time_since_death":5455,"minecraft:walk_one_cm":2396,"minecraft:sneak_time":1,"minecraft:total_world_time":5455,"minecraft:mob_kills":1,"minecraft:interact_with_crafting_table":1,"minecraft:fall_one_cm":1111,"minecraft:fly_one_cm":12696},"minecraft:used":{"minecraft:wooden_sword":5},"minecraft:mined":{"minecraft:dark_oak_log":2}},"DataVersion":3465}