{"stats":{"minecraft:crafted":{"minecraft:wooden_sword":2,"minecraft:crafting_table":1,"minecraft:stick":8,"minecraft:wooden_pickaxe":1,"minecraft:wooden_axe":1,"minecraft:dark_oak_planks":20},"minecraft:killed":{"minecraft:sheep":1,"minecraft:zombie":1,"minecraft:pig":10,"minecraft:chicken":3,"minecraft:cow":4},"minecraft:picked_up":{"minecraft:stick":3,"minecraft:coarse_dirt":2,"minecraft:feather":12,"minecraft:chicken":6,"minecraft:leather":12,"minecraft:potato":6,"minecraft:porkchop":23,"minecraft:oak_log":9,"minecraft:chainmail_chestplate":1,"minecraft:dark_oak_log":5,"minecraft:dirt":12,"minecraft:leather_helmet":1,"minecraft:dark_oak_planks":4,"minecraft:rotten_flesh":4,"minecraft:beetroot":14,"minecraft:beetroot_seeds":64,"minecraft:wheat_seeds":3,"minecraft:chainmail_leggings":1,"minecraft:beef":14,"minecraft:moss_block":2,"minecraft:mutton":4,"minecraft:white_wool":2,"minecraft:egg":6},"minecraft:broken":{"minecraft:wooden_sword":1},"minecraft:killed_by":{"minecraft:creeper":1},"minecraft:custom":{"minecraft:time_since_rest":5642,"minecraft:sprint_one_cm":84189,"minecraft:damage_taken":223,"minecraft:walk_one_cm":47790,"minecraft:mob_kills":19,"minecraft:damage_dealt":1936,"minecraft:swim_one_cm":5686,"minecraft:interact_with_crafting_table":4,"minecraft:fly_one_cm":39157,"minecraft:open_chest":3,"minecraft:crouch_one_cm":512,"minecraft:play_time":17455,"minecraft:walk_under_water_one_cm":335,"minecraft:deaths":1,"minecraft:sneak_time":337,"minecraft:jump":152,"minecraft:walk_on_water_one_cm":2911,"minecraft:time_since_death":5593,"minecraft:sleep_in_bed":1,"minecraft:climb_one_cm":270,"minecraft:total_world_time":17455,"minecraft:fall_one_cm":2491},"minecraft:used":{"minecraft:wooden_axe":11,"minecraft:beetroot":14,"minecraft:wooden_sword":101,"minecraft:dirt":12,"minecraft:crafting_table":1,"minecraft:chainmail_chestplate":1,"minecraft:beetroot_seeds":22,"minecraft:potato":4,"minecraft:coarse_dirt":2},"minecraft:mined":{"minecraft:coarse_dirt":1,"minecraft:dark_oak_log":5,"minecraft:grass":16,"minecraft:potatoes":3,"minecraft:oak_log":9,"minecraft:beetroots":18,"minecraft:rose_bush":1}},"DataVersion":3465}