{"stats":{"minecraft:crafted":{"minecraft:cooked_beef":7,"minecraft:wooden_sword":2,"minecraft:oak_planks":36,"minecraft:stone_shovel":1,"minecraft:cooked_porkchop":20,"minecraft:leather_boots":1,"minecraft:crafting_table":3,"minecraft:wooden_pickaxe":1,"minecraft:baked_potato":1,"minecraft:cooked_chicken":3,"minecraft:furnace":2,"minecraft:stone_axe":1,"minecraft:cooked_mutton":5,"minecraft:air":0,"travelersbackpack:white_sleeping_bag":1,"minecraft:stick":16,"minecraft:stone_pickaxe":2,"minecraft:wooden_axe":1,"minecraft:stone_sword":1,"minecraft:white_bed":1,"minecraft:dark_oak_planks":20},"minecraft:killed":{"minecraft:pig":11,"minecraft:sheep":7,"minecraft:zombie":1,"minecraft:chicken":3,"minecraft:cow":4},"minecraft:picked_up":{"minecraft:coarse_dirt":2,"minecraft:feather":12,"minecraft:chicken":6,"minecraft:clay_ball":12,"minecraft:andesite":8,"minecraft:leather":12,"minecraft:stone_slab":2,"minecraft:potato":6,"minecraft:oak_log":9,"minecraft:chainmail_chestplate":1,"minecraft:dirt":48,"minecraft:raw_copper":2,"minecraft:beetroot":14,"minecraft:wheat_seeds":3,"minecraft:beef":14,"minecraft:moss_block":2,"minecraft:egg":6,"minecraft:stick":3,"minecraft:raw_iron":8,"minecraft:porkchop":26,"minecraft:sand":16,"minecraft:pointed_dripstone":4,"minecraft:white_bed":1,"minecraft:dark_oak_log":5,"minecraft:leather_helmet":1,"minecraft:dark_oak_planks":4,"travelersbackpack:white_sleeping_bag":1,"minecraft:rotten_flesh":4,"minecraft:beetroot_seeds":64,"minecraft:chainmail_leggings":1,"minecraft:granite":1,"minecraft:mutton":11,"minecraft:coal":98,"minecraft:white_wool":8,"minecraft:cobblestone":61},"minecraft:broken":{"minecraft:stone_pickaxe":1,"minecraft:wooden_sword":2},"minecraft:killed_by":{"minecraft:creeper":1},"minecraft:custom":{"minecraft:interact_with_furnace":25,"minecraft:mob_kills":26,"minecraft:interact_with_crafting_table":13,"minecraft:leave_game":1,"minecraft:time_since_death":47643,"minecraft:sleep_in_bed":3,"minecraft:climb_one_cm":270,"minecraft:time_since_rest":434,"minecraft:sprint_one_cm":212869,"minecraft:damage_taken":292,"minecraft:walk_one_cm":107161,"minecraft:drop":1,"minecraft:damage_dealt":2512,"minecraft:swim_one_cm":59361,"minecraft:fly_one_cm":160110,"minecraft:open_chest":3,"minecraft:crouch_one_cm":3992,"minecraft:play_time":59505,"minecraft:deaths":1,"minecraft:sneak_time":2431,"minecraft:walk_under_water_one_cm":4218,"minecraft:jump":905,"minecraft:walk_on_water_one_cm":15334,"minecraft:total_world_time":59505,"minecraft:fall_one_cm":12674},"minecraft:dropped":{"minecraft:cooked_porkchop":10},"minecraft:used":{"minecraft:beetroot":14,"minecraft:moss_block":2,"minecraft:cooked_mutton":5,"minecraft:stone_shovel":52,"minecraft:stone_pickaxe":157,"minecraft:baked_potato":1,"minecraft:wooden_pickaxe":26,"minecraft:dirt":17,"minecraft:crafting_table":3,"minecraft:chainmail_chestplate":1,"minecraft:white_bed":2,"minecraft:granite":1,"minecraft:wooden_axe":12,"travelersbackpack:white_sleeping_bag":2,"minecraft:stone_slab":2,"minecraft:wooden_sword":130,"minecraft:furnace":2,"minecraft:beetroot_seeds":22,"minecraft:andesite":8,"minecraft:potato":4,"minecraft:coarse_dirt":2},"minecraft:mined":{"minecraft:white_bed":1,"minecraft:jungle_leaves":1,"minecraft:dark_oak_log":5,"minecraft:clay":4,"minecraft:glow_lichen":1,"minecraft:granite":1,"minecraft:grass_block":26,"minecraft:rose_bush":1,"minecraft:stone_slab":2,"travelersbackpack:white_sleeping_bag":1,"minecraft:copper_ore":1,"minecraft:coarse_dirt":1,"minecraft:iron_ore":8,"minecraft:andesite":8,"minecraft:grass":16,"minecraft:pointed_dripstone":1,"minecraft:oak_log":9,"minecraft:potatoes":3,"minecraft:coal_ore":99,"minecraft:beetroots":18,"minecraft:sand":16,"minecraft:dirt":10,"minecraft:stone":61}},"DataVersion":3465}