{"stats":{"minecraft:crafted":{"minecraft:wooden_sword":2,"minecraft:oak_planks":36,"minecraft:cooked_porkchop":20,"minecraft:leather_boots":1,"minecraft:crafting_table":2,"minecraft:wooden_pickaxe":1,"minecraft:cooked_chicken":3,"minecraft:furnace":2,"minecraft:cooked_mutton":5,"minecraft:air":0,"minecraft:stick":8,"minecraft:stone_pickaxe":1,"minecraft:wooden_axe":1,"minecraft:white_bed":1,"minecraft:dark_oak_planks":20},"minecraft:killed":{"minecraft:pig":10,"minecraft:sheep":4,"minecraft:zombie":1,"minecraft:chicken":3,"minecraft:cow":4},"minecraft:picked_up":{"minecraft:coarse_dirt":2,"minecraft:feather":12,"minecraft:chicken":6,"minecraft:leather":12,"minecraft:stone_slab":2,"minecraft:potato":6,"minecraft:oak_log":9,"minecraft:chainmail_chestplate":1,"minecraft:dirt":12,"minecraft:beetroot":14,"minecraft:wheat_seeds":3,"minecraft:beef":14,"minecraft:moss_block":2,"minecraft:egg":6,"minecraft:stick":3,"minecraft:porkchop":23,"minecraft:dark_oak_log":5,"minecraft:leather_helmet":1,"minecraft:dark_oak_planks":4,"minecraft:rotten_flesh":4,"minecraft:beetroot_seeds":64,"minecraft:chainmail_leggings":1,"minecraft:mutton":7,"minecraft:coal":31,"minecraft:white_wool":5,"minecraft:cobblestone":58},"minecraft:broken":{"minecraft:wooden_sword":1},"minecraft:killed_by":{"minecraft:creeper":1},"minecraft:custom":{"minecraft:interact_with_furnace":11,"minecraft:mob_kills":22,"minecraft:interact_with_crafting_table":8,"minecraft:time_since_death":17593,"minecraft:sleep_in_bed":2,"minecraft:climb_one_cm":270,"minecraft:time_since_rest":6612,"minecraft:sprint_one_cm":95499,"minecraft:damage_taken":223,"minecraft:walk_one_cm":60621,"minecraft:damage_dealt":2176,"minecraft:swim_one_cm":6544,"minecraft:fly_one_cm":46005,"minecraft:open_chest":3,"minecraft:crouch_one_cm":512,"minecraft:play_time":29455,"minecraft:deaths":1,"minecraft:sneak_time":337,"minecraft:walk_under_water_one_cm":335,"minecraft:jump":189,"minecraft:walk_on_water_one_cm":3618,"minecraft:total_world_time":29455,"minecraft:fall_one_cm":2909},"minecraft:used":{"minecraft:beetroot":14,"minecraft:moss_block":2,"minecraft:cooked_mutton":2,"minecraft:stone_pickaxe":65,"minecraft:wooden_pickaxe":26,"minecraft:dirt":12,"minecraft:crafting_table":2,"minecraft:chainmail_chestplate":1,"minecraft:white_bed":1,"minecraft:wooden_axe":11,"minecraft:stone_slab":2,"minecraft:wooden_sword":109,"minecraft:furnace":2,"minecraft:beetroot_seeds":22,"minecraft:potato":4,"minecraft:coarse_dirt":2},"minecraft:mined":{"minecraft:dark_oak_log":5,"minecraft:rose_bush":1,"minecraft:stone_slab":2,"minecraft:coarse_dirt":1,"minecraft:grass":16,"minecraft:oak_log":9,"minecraft:potatoes":3,"minecraft:coal_ore":31,"minecraft:beetroots":18,"minecraft:stone":58}},"DataVersion":3465}