{"stats":{"minecraft:crafted":{"minecraft:cooked_beef":7,"minecraft:wooden_sword":2,"minecraft:oak_planks":36,"minecraft:stone_shovel":1,"minecraft:cooked_porkchop":20,"minecraft:leather_boots":1,"minecraft:crafting_table":2,"minecraft:wooden_pickaxe":1,"minecraft:baked_potato":1,"minecraft:cooked_chicken":3,"minecraft:furnace":2,"minecraft:cooked_mutton":5,"minecraft:air":0,"minecraft:stick":12,"minecraft:stone_pickaxe":1,"minecraft:wooden_axe":1,"minecraft:white_bed":1,"minecraft:dark_oak_planks":20},"minecraft:killed":{"minecraft:pig":10,"minecraft:sheep":6,"minecraft:zombie":1,"minecraft:chicken":3,"minecraft:cow":4},"minecraft:picked_up":{"minecraft:coarse_dirt":2,"minecraft:feather":12,"minecraft:chicken":6,"minecraft:andesite":8,"minecraft:leather":12,"minecraft:stone_slab":2,"minecraft:potato":6,"minecraft:oak_log":9,"minecraft:chainmail_chestplate":1,"minecraft:dirt":43,"minecraft:raw_copper":2,"minecraft:beetroot":14,"minecraft:wheat_seeds":3,"minecraft:beef":14,"minecraft:moss_block":2,"minecraft:egg":6,"minecraft:stick":3,"minecraft:raw_iron":1,"minecraft:porkchop":23,"minecraft:white_bed":1,"minecraft:dark_oak_log":5,"minecraft:leather_helmet":1,"minecraft:dark_oak_planks":4,"minecraft:rotten_flesh":4,"minecraft:beetroot_seeds":64,"minecraft:chainmail_leggings":1,"minecraft:mutton":10,"minecraft:coal":61,"minecraft:white_wool":7,"minecraft:cobblestone":59},"minecraft:broken":{"minecraft:wooden_sword":1},"minecraft:killed_by":{"minecraft:creeper":1},"minecraft:custom":{"minecraft:interact_with_furnace":25,"minecraft:mob_kills":24,"minecraft:interact_with_crafting_table":9,"minecraft:time_since_death":29593,"minecraft:sleep_in_bed":2,"minecraft:climb_one_cm":270,"minecraft:time_since_rest":18612,"minecraft:sprint_one_cm":142975,"minecraft:damage_taken":282,"minecraft:walk_one_cm":76281,"minecraft:drop":1,"minecraft:damage_dealt":2337,"minecraft:swim_one_cm":30442,"minecraft:fly_one_cm":94548,"minecraft:open_chest":3,"minecraft:crouch_one_cm":2948,"minecraft:play_time":41455,"minecraft:deaths":1,"minecraft:sneak_time":1567,"minecraft:walk_under_water_one_cm":2463,"minecraft:jump":476,"minecraft:walk_on_water_one_cm":9837,"minecraft:total_world_time":41455,"minecraft:fall_one_cm":7323},"minecraft:dropped":{"minecraft:cooked_porkchop":10},"minecraft:used":{"minecraft:beetroot":14,"minecraft:moss_block":2,"minecraft:cooked_mutton":3,"minecraft:stone_shovel":27,"minecraft:stone_pickaxe":107,"minecraft:wooden_pickaxe":26,"minecraft:dirt":14,"minecraft:crafting_table":2,"minecraft:chainmail_chestplate":1,"minecraft:white_bed":1,"minecraft:wooden_axe":12,"minecraft:stone_slab":2,"minecraft:wooden_sword":124,"minecraft:furnace":2,"minecraft:beetroot_seeds":22,"minecraft:andesite":8,"minecraft:potato":4,"minecraft:coarse_dirt":2},"minecraft:mined":{"minecraft:white_bed":1,"minecraft:jungle_leaves":1,"minecraft:dark_oak_log":5,"minecraft:grass_block":24,"minecraft:rose_bush":1,"minecraft:stone_slab":2,"minecraft:copper_ore":1,"minecraft:coarse_dirt":1,"minecraft:iron_ore":1,"minecraft:andesite":8,"minecraft:grass":16,"minecraft:oak_log":9,"minecraft:potatoes":3,"minecraft:coal_ore":61,"minecraft:beetroots":18,"minecraft:dirt":7,"minecraft:stone":59}},"DataVersion":3465}